id,spot_id,plate_number,customer_name,start_time,end_time,duration_minutes,status,created_at
1,A01,XYZ1234,Fatima Zahra Al-Fihri,2024-03-15 10:30:00,2024-03-15 11:30:00,60,active,2024-03-14 09:00:00
2,B05,ABC5678,Pierre Dubois,2024-07-22 14:00:00,2024-07-22 16:00:00,120,expired,2024-07-21 11:30:00
3,S03,DEF9012,Amira Khan,2024-11-01 08:00:00,2024-11-01 08:30:00,30,active,2024-10-31 07:00:00
4,E02,GHI3456,Mohammed Al-Khatib,2024-01-05 18:30:00,2024-01-05 21:30:00,180,expired,2024-01-04 15:00:00
5,A08,JKL7890,Sophie Dupont,2024-05-09 11:00:00,2024-05-09 12:00:00,60,active,2024-05-08 09:00:00
6,B02,MNO2345,Youssef Benali,2024-09-19 09:30:00,2024-09-19 11:30:00,120,active,2024-09-18 07:00:00
7,S07,PQR6789,Isabelle Leclerc,2024-02-28 16:00:00,2024-02-28 16:30:00,30,expired,2024-02-27 13:00:00
8,E05,STU0123,Ahmed Hassan,2024-06-12 13:00:00,2024-06-12 16:00:00,180,active,2024-06-11 10:00:00
9,A04,VWX4567,Laura Martin,2024-10-25 07:00:00,2024-10-25 08:00:00,60,expired,2024-10-24 05:00:00
10,B09,YZA8901,Omar Sharif,2024-04-03 20:00:00,2024-04-03 22:00:00,120,active,2024-04-02 17:00:00
11,S01,BCD2345,Chloé Bernard,2024-08-07 10:00:00,2024-08-07 10:30:00,30,active,2024-08-06 08:00:00
12,E06,EFG6789,Mustafa Kemal,2024-12-11 15:30:00,2024-12-11 18:30:00,180,expired,2024-12-10 12:00:00
13,A03,HIJ0123,Sarah Dubois,2024-01-20 12:00:00,2024-01-20 13:00:00,60,active,2024-01-19 09:00:00
14,B07,KLM4567,Antoine Garcia,2024-05-24 09:00:00,2024-05-24 11:00:00,120,expired,2024-05-23 07:00:00
15,S09,NOP8901,Nadia El-Fassi,2024-09-02 17:00:00,2024-09-02 17:30:00,30,active,2024-09-01 14:00:00
16,E01,QRS2345,David Miller,2024-03-08 14:30:00,2024-03-08 17:30:00,180,expired,2024-03-07 11:00:00
17,A06,TUV6789,Rania Said,2024-07-16 11:30:00,2024-07-16 12:30:00,60,active,2024-07-15 09:00:00
18,B01,WXY0123,Thomas Lefevre,2024-11-20 08:30:00,2024-11-20 10:30:00,120,active,2024-11-19 06:00:00
19,S04,ZAB4567,Yara Haddad,2024-04-29 19:00:00,2024-04-29 19:30:00,30,expired,2024-04-28 16:00:00
20,E08,CDE8901,Jean-Luc Picard,2024-08-13 10:30:00,2024-08-13 13:30:00,180,active,2024-08-12 07:00:00
21,A02,FGH2345,Maria Rodriguez,2024-12-25 16:00:00,2024-12-25 17:00:00,60,expired,2024-12-24 13:00:00
22,B06,IJK6789,Ali Hassan,2024-02-14 09:00:00,2024-02-14 11:00:00,120,active,2024-02-13 06:00:00
23,S08,LMN0123,Léa Fournier,2024-06-20 13:00:00,2024-06-20 13:30:00,30,expired,2024-06-19 10:00:00
24,E04,OPQ4567,Samira Mansour,2024-10-07 07:30:00,2024-10-07 10:30:00,180,active,2024-10-06 05:00:00
25,A09,RST8901,Pauline Roux,2024-01-30 18:00:00,2024-01-30 19:00:00,60,expired,2024-01-29 15:00:00
26,B03,UVW2345,Karim Benzema,2024-05-10 10:00:00,2024-05-10 12:00:00,120,active,2024-05-09 07:00:00
27,S06,XYZ6789,Émilie Laurent,2024-09-14 15:00:00,2024-09-14 15:30:00,30,expired,2024-09-13 12:00:00
28,E09,ABC0123,Zakaria Al-Khatib,2024-03-22 08:00:00,2024-03-22 11:00:00,180,active,2024-03-21 05:00:00
29,A05,DEF4567,Sophie Moreau,2024-07-01 12:30:00,2024-07-01 13:30:00,60,expired,2024-06-30 09:00:00
30,B08,GHI8901,Omar Al-Bashir,2024-11-05 09:30:00,2024-11-05 11:30:00,120,active,2024-11-04 07:00:00
31,S02,JKL2345,Manon Lefevre,2024-04-17 16:00:00,2024-04-17 16:30:00,30,expired,2024-04-16 13:00:00
32,E07,MNO6789,Jamal Malik,2024-08-28 11:00:00,2024-08-28 14:00:00,180,active,2024-08-27 08:00:00
33,A07,PQR0123,Elodie Dubois,2024-12-03 14:00:00,2024-12-03 15:00:00,60,expired,2024-12-02 11:00:00
34,B04,STU4567,Noureddine Ziani,2024-02-09 10:00:00,2024-02-09 12:00:00,120,active,2024-02-08 07:00:00
35,S10,VWX8901,Camille Perrier,2024-06-25 07:00:00,2024-06-25 07:30:00,30,expired,2024-06-24 04:00:00
36,E03,YZA2345,Mustapha Ben Said,2024-10-14 19:00:00,2024-10-14 22:00:00,180,active,2024-10-13 16:00:00
37,A10,BCD6789,Charlotte Dubois,2024-01-10 11:00:00,2024-01-10 12:00:00,60,expired,2024-01-09 08:00:00
38,B10,EFG0123,Pierre Gauthier,2024-05-01 13:00:00,2024-05-01 15:00:00,120,active,2024-04-30 10:00:00
39,S05,HIJ4567,Amal Khan,2024-09-06 15:30:00,2024-09-06 16:00:00,30,expired,2024-09-05 12:00:00
40,E10,KLM8901,Ismail Hassan,2024-03-01 09:30:00,2024-03-01 12:30:00,180,active,2024-02-29 06:00:00
41,A01,NOP2345,Fatiha Bouras,2024-07-09 16:00:00,2024-07-09 17:00:00,60,expired,2024-07-08 13:00:00
42,B05,QRS6789,Marie Dubois,2024-11-13 10:00:00,2024-11-13 12:00:00,120,active,2024-11-12 07:00:00
43,S03,TUV0123,Ahmed Al-Ghamdi,2024-04-22 08:00:00,2024-04-22 08:30:00,30,expired,2024-04-21 05:00:00
44,E02,WXY4567,Sophie Bernard,2024-08-20 14:00:00,2024-08-20 17:00:00,180,active,2024-08-19 11:00:00
45,A08,ZAB8901,Mohammed Ouazzani,2024-12-08 17:00:00,2024-12-08 18:00:00,60,expired,2024-12-07 14:00:00
46,B02,CDE2345,Antoine Moreau,2024-02-03 11:00:00,2024-02-03 13:00:00,120,active,2024-02-02 08:00:00
47,S07,FGH6789,Lina Safi,2024-06-18 09:00:00,2024-06-18 09:30:00,30,expired,2024-06-17 06:00:00
48,E05,IJK0123,Jean Dubois,2024-10-21 13:00:00,2024-10-21 16:00:00,180,active,2024-10-20 10:00:00
49,A04,LMN4567,Nadia Cherif,2024-01-26 15:00:00,2024-01-26 16:00:00,60,expired,2024-01-25 12:00:00
50,B09,OPQ8901,Youssef Boulanger,2024-05-15 10:30:00,2024-05-15 12:30:00,120,active,2024-05-14 07:00:00
51,S01,RST2345,Camille Dubois,2024-09-27 12:00:00,2024-09-27 12:30:00,30,expired,2024-09-26 09:00:00
52,E06,UVW6789,Tariq Saleh,2024-03-12 16:00:00,2024-03-12 19:00:00,180,active,2024-03-11 13:00:00
53,A03,XYZ0123,Charlotte Garcia,2024-07-28 07:00:00,2024-07-28 08:00:00,60,expired,2024-07-27 04:00:00
54,B07,ABC4567,Said Bencharki,2024-11-29 18:00:00,2024-11-29 20:00:00,120,active,2024-11-28 15:00:00
55,S09,DEF8901,Mathieu Fournier,2024-04-08 10:00:00,2024-04-08 10:30:00,30,expired,2024-04-07 07:00:00
56,E01,GHI2345,Sarah Al-Fassi,2024-08-01 14:30:00,2024-08-01 17:30:00,180,active,2024-07-31 11:00:00
57,A06,JKL6789,Julie Martin,2024-12-16 09:30:00,2024-12-16 10:30:00,60,expired,2024-12-15 06:00:00
58,B01,MNO0123,Mustafa Mahmoud,2024-02-20 13:00:00,2024-02-20 15:00:00,120,active,2024-02-19 10:00:00
59,S04,PQR4567,Emma Gauthier,2024-06-05 15:30:00,2024-06-05 16:00:00,30,expired,2024-06-04 12:00:00
60,E08,STU8901,Hassan Ouazzani,2024-10-03 08:00:00,2024-10-03 11:00:00,180,active,2024-10-02 05:00:00
61,A02,VWX2345,Lucas Dubois,2024-01-14 11:00:00,2024-01-14 12:00:00,60,expired,2024-01-13 08:00:00
62,B06,YZA6789,Sofia El-Fassi,2024-05-29 17:00:00,2024-05-29 19:00:00,120,active,2024-05-28 14:00:00
63,S08,BCD0123,Antoine Bernard,2024-09-10 19:00:00,2024-09-10 19:30:00,30,expired,2024-09-09 16:00:00
64,E04,EFG4567,Khaled Said,2024-03-05 12:00:00,2024-03-05 15:00:00,180,active,2024-03-04 09:00:00
65,A09,HIJ8901,Alice Fournier,2024-07-07 10:00:00,2024-07-07 11:00:00,60,expired,2024-07-06 07:00:00
66,B03,KLM2345,Mohamed Al-Hammami,2024-11-09 09:00:00,2024-11-09 11:00:00,120,active,2024-11-08 06:00:00
67,S06,NOP6789,Romain Lefevre,2024-04-24 16:00:00,2024-04-24 16:30:00,30,expired,2024-04-23 13:00:00
68,E09,QRS0123,Amina Benali,2024-08-05 13:00:00,2024-08-05 16:00:00,180,active,2024-08-04 10:00:00
69,A05,TUV4567,Léa Dubois,2024-12-20 07:00:00,2024-12-20 08:00:00,60,expired,2024-12-19 04:00:00
70,B08,WXY8901,Adil Khan,2024-02-25 18:00:00,2024-02-25 20:00:00,120,active,2024-02-24 15:00:00
71,S02,ZAB2345,Julie Bernard,2024-06-09 10:30:00,2024-06-09 11:00:00,30,expired,2024-06-08 07:00:00
72,E07,CDE6789,Samir Haddad,2024-10-17 14:00:00,2024-10-17 17:00:00,180,active,2024-10-16 11:00:00
73,A07,FGH0123,Manon Gauthier,2024-01-08 11:30:00,2024-01-08 12:30:00,60,expired,2024-01-07 08:00:00
74,B04,IJK4567,Hafsa Al-Fassi,2024-05-06 08:00:00,2024-05-06 10:00:00,120,active,2024-05-05 05:00:00
75,S10,LMN8901,Baptiste Dubois,2024-09-20 15:00:00,2024-09-20 15:30:00,30,expired,2024-09-19 12:00:00
76,E03,OPQ2345,Ali Ben Said,2024-03-29 19:00:00,2024-03-29 22:00:00,180,active,2024-03-28 16:00:00
77,A10,RST6789,Clara Martin,2024-07-13 12:00:00,2024-07-13 13:00:00,60,expired,2024-07-12 09:00:00
78,B10,UVW0123,Said Ouazzani,2024-11-18 10:00:00,2024-11-18 12:00:00,120,active,2024-11-17 07:00:00
79,S05,XYZ4567,Thomas Perrier,2024-04-01 16:30:00,2024-04-01 17:00:00,30,expired,2024-03-31 13:00:00
80,E10,ABC8901,Fatima Zahra Al-Khatib,2024-08-24 09:30:00,2024-08-24 12:30:00,180,active,2024-08-23 06:00:00
81,A01,DEF2345,Lucas Gauthier,2024-12-07 13:00:00,2024-12-07 14:00:00,60,expired,2024-12-06 10:00:00
82,B05,GHI6789,Hicham Said,2024-02-19 14:00:00,2024-02-19 16:00:00,120,active,2024-02-18 11:00:00
83,S03,JKL0123,Pauline Lefevre,2024-06-02 08:00:00,2024-06-02 08:30:00,30,expired,2024-06-01 05:00:00
84,E02,MNO4567,Layla Khan,2024-10-29 17:00:00,2024-10-29 20:00:00,180,active,2024-10-28 14:00:00
85,A08,PQR8901,Nicolas Dubois,2024-01-23 10:00:00,2024-01-23 11:00:00,60,expired,2024-01-22 07:00:00
86,B02,STU2345,Sofiane Benali,2024-05-19 11:30:00,2024-05-19 13:30:00,120,active,2024-05-18 08:00:00
87,S07,VWX6789,Julie Moreau,2024-09-04 15:00:00,2024-09-04 15:30:00,30,expired,2024-09-03 12:00:00
88,E05,YZA0123,Karim Hassan,2024-03-17 19:00:00,2024-03-17 22:00:00,180,active,2024-03-16 16:00:00
89,A04,BCD4567,Laura Bernard,2024-07-03 07:00:00,2024-07-03 08:00:00,60,expired,2024-07-02 04:00:00
90,B09,EFG8901,Ahmed Cherif,2024-11-25 18:00:00,2024-11-25 20:00:00,120,active,2024-11-24 15:00:00
91,S01,HIJ2345,Clara Dubois,2024-04-12 10:00:00,2024-04-12 10:30:00,30,expired,2024-04-11 07:00:00
92,E06,KLM6789,Mohammed Said,2024-08-18 14:30:00,2024-08-18 17:30:00,180,active,2024-08-17 11:00:00
93,A03,NOP0123,Sophie Gauthier,2024-12-14 09:30:00,2024-12-14 10:30:00,60,expired,2024-12-13 06:00:00
94,B07,QRS4567,Youssef Al-Fassi,2024-02-07 13:00:00,2024-02-07 15:00:00,120,active,2024-02-06 10:00:00
95,S09,TUV8901,Léa Martin,2024-06-23 15:30:00,2024-06-23 16:00:00,30,expired,2024-06-22 12:00:00
96,E01,WXY2345,Mustafa Al-Khatib,2024-10-10 08:00:00,2024-10-10 11:00:00,180,active,2024-10-09 05:00:00
97,A06,ZAB6789,Emma Dubois,2024-01-02 11:00:00,2024-01-02 12:00:00,60,expired,2024-01-01 08:00:00
98,B01,CDE0123,Omar Said,2024-05-22 17:00:00,2024-05-22 19:00:00,120,active,2024-05-21 14:00:00
99,S04,FGH4567,Chloé Laurent,2024-09-08 19:00:00,2024-09-08 19:30:00,30,expired,2024-09-07 16:00:00
100,E08,IJK8901,Samira El-Fassi,2024-03-03 12:00:00,2024-03-03 15:00:00,180,active,2024-03-02 09:00:00
101,A02,LMN2345,Antoine Dubois,2024-07-11 10:00:00,2024-07-11 11:00:00,60,expired,2024-07-10 07:00:00
102,B06,OPQ6789,Ali Ouazzani,2024-11-07 09:00:00,2024-11-07 11:00:00,120,active,2024-11-06 06:00:00
103,S08,PQR0123,Manon Bernard,2024-04-26 16:00:00,2024-04-26 16:30:00,30,expired,2024-04-25 13:00:00
104,E04,STU4567,Jamal Said,2024-08-09 13:00:00,2024-08-09 16:00:00,180,active,2024-08-08 10:00:00
105,A09,VWX8901,Sarah Gauthier,2024-12-22 07:00:00,2024-12-22 08:00:00,60,expired,2024-12-21 04:00:00
106,B03,YZA2345,Khalid Khan,2024-02-27 18:00:00,2024-02-27 20:00:00,120,active,2024-02-26 15:00:00
107,S06,BCD6789,Baptiste Dubois,2024-06-14 10:30:00,2024-06-14 11:00:00,30,expired,2024-06-13 07:00:00
108,E09,EFG0123,Amina Benali,2024-10-05 14:00:00,2024-10-05 17:00:00,180,active,2024-10-04 11:00:00
109,A05,HIJ4567,Léa Fournier,2024-01-17 11:30:00,2024-01-17 12:30:00,60,expired,2024-01-16 08:00:00
110,B08,KLM8901,Mohamed Al-Hammami,2024-05-08 08:00:00,2024-05-08 10:00:00,120,active,2024-05-07 05:00:00
111,S02,NOP2345,Émilie Gauthier,2024-09-22 15:00:00,2024-09-22 15:30:00,30,expired,2024-09-21 12:00:00
112,E07,QRS6789,Mustafa Mansour,2024-03-24 19:00:00,2024-03-24 22:00:00,180,active,2024-03-23 16:00:00
113,A07,TUV0123,Charlotte Bernard,2024-07-18 12:00:00,2024-07-18 13:00:00,60,expired,2024-07-17 09:00:00
114,B04,WXY4567,Said Bencharki,2024-11-16 10:00:00,2024-11-16 12:00:00,120,active,2024-11-15 07:00:00
115,S10,ZAB8901,Julie Perrier,2024-04-05 16:30:00,2024-04-05 17:00:00,30,expired,2024-04-04 13:00:00
116,E03,CDE2345,Fatima Zahra Said,2024-08-26 09:30:00,2024-08-26 12:30:00,180,active,2024-08-25 06:00:00
117,A10,FGH6789,Lucas Martin,2024-12-09 13:00:00,2024-12-09 14:00:00,60,expired,2024-12-08 10:00:00
118,B10,IJK0123,Hicham Al-Fassi,2024-02-12 14:00:00,2024-02-12 16:00:00,120,active,2024-02-11 11:00:00
119,S05,LMN4567,Pauline Bernard,2024-06-27 08:00:00,2024-06-27 08:30:00,30,expired,2024-06-26 05:00:00
120,E10,OPQ8901,Layla El-Fassi,2024-10-31 17:00:00,2024-10-31 20:00:00,180,active,2024-10-30 14:00:00
121,A01,PQR2345,Nicolas Gauthier,2024-01-28 10:00:00,2024-01-28 11:00:00,60,expired,2024-01-27 07:00:00
122,B05,STU6789,Sofiane Said,2024-05-26 11:30:00,2024-05-26 13:30:00,120,active,2024-05-25 08:00:00
123,S03,VWX0123,Julie Fournier,2024-09-06 15:00:00,2024-09-06 15:30:00,30,expired,2024-09-05 12:00:00
124,E02,YZA4567,Karim Benali,2024-03-19 19:00:00,2024-03-19 22:00:00,180,active,2024-03-18 16:00:00
125,A08,BCD8901,Laura Gauthier,2024-07-05 07:00:00,2024-07-05 08:00:00,60,expired,2024-07-04 04:00:00
126,B02,EFG2345,Ahmed Al-Khatib,2024-11-27 18:00:00,2024-11-27 20:00:00,120,active,2024-11-26 15:00:00
127,S07,HIJ6789,Clara Perrier,2024-04-14 10:00:00,2024-04-14 10:30:00,30,expired,2024-04-13 07:00:00
128,E05,KLM0123,Mohammed El-Fassi,2024-08-11 14:30:00,2024-08-11 17:30:00,180,active,2024-08-10 11:00:00
129,A04,NOP4567,Sophie Bernard,2024-12-18 09:30:00,2024-12-18 10:30:00,60,expired,2024-12-17 06:00:00
130,B09,QRS8901,Youssef Ouazzani,2024-02-05 13:00:00,2024-02-05 15:00:00,120,active,2024-02-04 10:00:00
131,S01,TUV2345,Léa Gauthier,2024-06-29 15:30:00,2024-06-29 16:00:00,30,expired,2024-06-28 12:00:00
132,E06,WXY6789,Mustafa Said,2024-10-12 08:00:00,2024-10-12 11:00:00,180,active,2024-10-11 05:00:00
133,A03,ZAB0123,Emma Dubois,2024-01-04 11:00:00,2024-01-04 12:00:00,60,expired,2024-01-03 08:00:00
134,B07,CDE4567,Omar Al-Hammami,2024-05-20 17:00:00,2024-05-20 19:00:00,120,active,2024-05-19 14:00:00
135,S09,FGH8901,Chloé Laurent,2024-09-12 19:00:00,2024-09-12 19:30:00,30,expired,2024-09-11 16:00:00
136,E01,IJK2345,Samira Said,2024-03-07 12:00:00,2024-03-07 15:00:00,180,active,2024-03-06 09:00:00
137,A06,LMN6789,Antoine Dubois,2024-07-02 10:00:00,2024-07-02 11:00:00,60,expired,2024-07-01 07:00:00
138,B01,OPQ0123,Ali Al-Fihri,2024-11-03 09:00:00,2024-11-03 11:00:00,120,active,2024-11-02 06:00:00
139,S04,PQR4567,Manon Gauthier,2024-04-28 16:00:00,2024-04-28 16:30:00,30,expired,2024-04-27 13:00:00
140,E08,STU8901,Jamal Ouazzani,2024-08-03 13:00:00,2024-08-03 16:00:00,180,active,2024-08-02 10:00:00
141,A02,VWX2345,Sarah Dubois,2024-12-24 07:00:00,2024-12-24 08:00:00,60,expired,2024-12-23 04:00:00
142,B06,YZA6789,Khalid Benali,2024-02-29 18:00:00,2024-02-29 20:00:00,120,active,2024-02-28 15:00:00
143,S08,BCD0123,Baptiste Bernard,2024-06-11 10:30:00,2024-06-11 11:00:00,30,expired,2024-06-10 07:00:00
144,E04,EFG4567,Amina Al-Khatib,2024-10-19 14:00:00,2024-10-19 17:00:00,180,active,2024-10-18 11:00:00
145,A09,HIJ8901,Léa Dubois,2024-01-06 11:30:00,2024-01-06 12:30:00,60,expired,2024-01-05 08:00:00
146,B03,KLM2345,Mohamed Al-Hammami,2024-05-04 08:00:00,2024-05-04 10:00:00,120,active,2024-05-03 05:00:00
147,S06,NOP6789,Émilie Martin,2024-09-24 15:00:00,2024-09-24 15:30:00,30,expired,2024-09-23 12:00:00
148,E09,QRS0123,Mustafa El-Fassi,2024-03-26 19:00:00,2024-03-26 22:00:00,180,active,2024-03-25 16:00:00
149,A05,TUV4567,Charlotte Fournier,2024-07-20 12:00:00,2024-07-20 13:00:00,60,expired,2024-07-19 09:00:00
150,B08,WXY8901,Adil Khan,2024-11-11 10:00:00,2024-11-11 12:00:00,120,active,2024-11-10 07:00:00
151,S02,ZAB2345,Julie Bernard,2024-04-07 16:30:00,2024-04-07 17:00:00,30,expired,2024-04-06 13:00:00
152,E07,CDE6789,Samir Haddad,2024-08-22 09:30:00,2024-08-22 12:30:00,180,active,2024-08-21 06:00:00
153,A07,FGH0123,Manon Gauthier,2024-12-05 13:00:00,2024-12-05 14:00:00,60,expired,2024-12-04 10:00:00
154,B04,IJK4567,Hafsa Al-Fassi,2024-02-17 14:00:00,2024-02-17 16:00:00,120,active,2024-02-16 11:00:00
155,S10,LMN8901,Pauline Lefevre,2024-06-07 08:00:00,2024-06-07 08:30:00,30,expired,2024-06-06 05:00:00
156,E03,OPQ2345,Ali Ben Said,2024-10-24 17:00:00,2024-10-24 20:00:00,180,active,2024-10-23 14:00:00
157,A10,RST6789,Clara Martin,2024-01-31 10:00:00,2024-01-31 11:00:00,60,expired,2024-01-30 07:00:00
158,B10,UVW0123,Said Ouazzani,2024-05-28 11:30:00,2024-05-28 13:30:00,120,active,2024-05-27 08:00:00
159,S05,XYZ4567,Thomas Perrier,2024-09-09 15:00:00,2024-09-09 15:30:00,30,expired,2024-09-08 12:00:00
160,E10,ABC8901,Fatima Zahra Al-Khatib,2024-03-21 19:00:00,2024-03-21 22:00:00,180,active,2024-03-20 16:00:00
161,A01,DEF2345,Lucas Gauthier,2024-07-09 07:00:00,2024-07-09 08:00:00,60,expired,2024-07-08 04:00:00
162,B05,GHI6789,Hicham Said,2024-11-20 18:00:00,2024-11-20 20:00:00,120,active,2024-11-19 15:00:00
163,S03,JKL0123,Pauline Lefevre,2024-04-10 10:00:00,2024-04-10 10:30:00,30,expired,2024-04-09 07:00:00
164,E02,MNO4567,Layla Khan,2024-08-15 14:30:00,2024-08-15 17:30:00,180,active,2024-08-14 11:00:00
165,A08,PQR8901,Nicolas Dubois,2024-12-12 09:30:00,2024-12-12 10:30:00,60,expired,2024-12-11 06:00:00
166,B02,STU2345,Sofiane Benali,2024-02-01 13:00:00,2024-02-01 15:00:00,120,active,2024-01-31 10:00:00
167,S07,VWX6789,Julie Moreau,2024-06-21 15:30:00,2024-06-21 16:00:00,30,expired,2024-06-20 12:00:00
168,E05,YZA0123,Karim Hassan,2024-10-08 08:00:00,2024-10-08 11:00:00,180,active,2024-10-07 05:00:00
169,A04,BCD4567,Laura Bernard,2024-01-09 11:00:00,2024-01-09 12:00:00,60,expired,2024-01-08 08:00:00
170,B09,EFG8901,Ahmed Cherif,2024-05-23 17:00:00,2024-05-23 19:00:00,120,active,2024-05-22 14:00:00
171,S01,HIJ2345,Clara Dubois,2024-09-17 19:00:00,2024-09-17 19:30:00,30,expired,2024-09-16 16:00:00
172,E06,KLM6789,Mohammed Said,2024-03-09 12:00:00,2024-03-09 15:00:00,180,active,2024-03-08 09:00:00
173,A03,NOP0123,Sophie Gauthier,2024-07-04 10:00:00,2024-07-04 11:00:00,60,expired,2024-07-03 07:00:00
174,B07,QRS4567,Youssef Al-Fassi,2024-11-01 09:00:00,2024-11-01 11:00:00,120,active,2024-10-31 06:00:00
175,S09,TUV8901,Léa Martin,2024-04-30 16:00:00,2024-04-30 16:30:00,30,expired,2024-04-29 13:00:00
176,E01,WXY2345,Mustafa Al-Khatib,2024-08-06 13:00:00,2024-08-06 16:00:00,180,active,2024-08-05 10:00:00
177,A06,ZAB6789,Emma Dubois,2024-12-26 07:00:00,2024-12-26 08:00:00,60,expired,2024-12-25 04:00:00
178,B01,CDE0123,Omar Said,2024-02-15 18:00:00,2024-02-15 20:00:00,120,active,2024-02-14 15:00:00
179,S04,FGH4567,Chloé Laurent,2024-06-16 10:30:00,2024-06-16 11:00:00,30,expired,2024-06-15 07:00:00
180,E08,IJK8901,Samira El-Fassi,2024-10-23 14:00:00,2024-10-23 17:00:00,180,active,2024-10-22 11:00:00
181,A02,LMN2345,Antoine Dubois,2024-01-21 11:30:00,2024-01-21 12:30:00,60,expired,2024-01-20 08:00:00
182,B06,OPQ6789,Ali Ouazzani,2024-05-14 08:00:00,2024-05-14 10:00:00,120,active,2024-05-13 05:00:00
183,S08,PQR0123,Manon Bernard,2024-09-30 15:00:00,2024-09-30 15:30:00,30,expired,2024-09-29 12:00:00
184,E04,STU4567,Jamal Said,2024-03-11 19:00:00,2024-03-11 22:00:00,180,active,2024-03-10 16:00:00
185,A09,VWX8901,Sarah Gauthier,2024-07-26 12:00:00,2024-07-26 13:00:00,60,expired,2024-07-25 09:00:00
186,B03,YZA2345,Khalid Khan,2024-11-08 10:00:00,2024-11-08 12:00:00,120,active,2024-11-07 07:00:00
187,S06,BCD6789,Baptiste Dubois,2024-04-02 16:30:00,2024-04-02 17:00:00,30,expired,2024-04-01 13:00:00
188,E09,EFG0123,Amina Benali,2024-08-29 09:30:00,2024-08-29 12:30:00,180,active,2024-08-28 06:00:00
189,A05,HIJ4567,Léa Fournier,2024-12-10 13:00:00,2024-12-10 14:00:00,60,expired,2024-12-09 10:00:00
190,B08,KLM8901,Mohamed Al-Hammami,2024-02-23 14:00:00,2024-02-23 16:00:00,120,active,2024-02-22 11:00:00
191,S02,NOP2345,Émilie Gauthier,2024-06-04 08:00:00,2024-06-04 08:30:00,30,expired,2024-06-03 05:00:00
192,E07,QRS6789,Mustafa Mansour,2024-10-15 17:00:00,2024-10-15 20:00:00,180,active,2024-10-14 14:00:00
193,A07,TUV0123,Charlotte Bernard,2024-01-13 10:00:00,2024-01-13 11:00:00,60,expired,2024-01-12 07:00:00
194,B04,WXY4567,Said Bencharki,2024-05-31 11:30:00,2024-05-31 13:30:00,120,active,2024-05-30 08:00:00
195,S10,ZAB8901,Julie Perrier,2024-09-01 15:00:00,2024-09-01 15:30:00,30,expired,2024-08-31 12:00:00
196,E03,CDE2345,Fatima Zahra Said,2024-03-14 19:00:00,2024-03-14 22:00:00,180,active,2024-03-13 16:00:00
197,A10,FGH6789,Lucas Martin,2024-07-27 07:00:00,2024-07-27 08:00:00,60,expired,2024-07-26 04:00:00
198,B10,IJK0123,Hicham Al-Fassi,2024-11-22 18:00:00,2024-11-22 20:00:00,120,active,2024-11-21 15:00:00
199,S05,LMN4567,Pauline Bernard,2024-04-16 10:00:00,2024-04-16 10:30:00,30,expired,2024-04-15 07:00:00
200,E10,OPQ8901,Layla El-Fassi,2024-08-19 14:30:00,2024-08-19 17:30:00,180,active,2024-08-18 11:00:00
201,A01,PQR2345,Nicolas Gauthier,2024-12-15 09:30:00,2024-12-15 10:30:00,60,expired,2024-12-14 06:00:00
202,B05,STU6789,Sofiane Said,2024-02-08 13:00:00,2024-02-08 15:00:00,120,active,2024-02-07 10:00:00
203,S03,VWX0123,Julie Fournier,2024-06-01 15:30:00,2024-06-01 16:00:00,30,expired,2024-05-31 12:00:00
204,E02,YZA4567,Karim Benali,2024-10-09 08:00:00,2024-10-09 11:00:00,180,active,2024-10-08 05:00:00
205,A08,BCD8901,Laura Gauthier,2024-01-01 11:00:00,2024-01-01 12:00:00,60,expired,2024-12-31 08:00:00
206,B02,EFG2345,Ahmed El-Fassi,2024-05-25 17:00:00,2024-05-25 19:00:00,120,active,2024-05-24 14:00:00
207,S07,HIJ6789,Clara Perrier,2024-09-18 19:00:00,2024-09-18 19:30:00,30,expired,2024-09-17 16:00:00
208,E05,KLM0123,Mohammed El-Fassi,2024-03-02 12:00:00,2024-03-02 15:00:00,180,active,2024-03-01 09:00:00
209,A04,NOP4567,Sophie Bernard,2024-07-06 10:00:00,2024-07-06 11:00:00,60,expired,2024-07-05 07:00:00
210,B09,QRS8901,Youssef Ouazzani,2024-11-04 09:00:00,2024-11-04 11:00:00,120,active,2024-11-03 06:00:00
211,S01,TUV2345,Léa Gauthier,2024-04-27 16:00:00,2024-04-27 16:30:00,30,expired,2024-04-26 13:00:00
212,E06,WXY6789,Mustafa Said,2024-08-10 13:00:00,2024-08-10 16:00:00,180,active,2024-08-09 10:00:00
213,A03,ZAB0123,Emma Dubois,2024-12-28 07:00:00,2024-12-28 08:00:00,60,expired,2024-12-27 04:00:00
214,B07,CDE4567,Omar Al-Hammami,2024-02-16 18:00:00,2024-02-16 20:00:00,120,active,2024-02-15 15:00:00
215,S09,FGH8901,Chloé Laurent,2024-06-17 10:30:00,2024-06-17 11:00:00,30,expired,2024-06-16 07:00:00
216,E01,IJK2345,Samira Said,2024-10-25 14:00:00,2024-10-25 17:00:00,180,active,2024-10-24 11:00:00
217,A06,LMN6789,Antoine Dubois,2024-01-22 11:30:00,2024-01-22 12:30:00,60,expired,2024-01-21 08:00:00
218,B01,OPQ0123,Ali Al-Fihri,2024-05-14 08:00:00,2024-05-14 10:00:00,120,active,2024-05-13 05:00:00
219,S04,PQR4567,Manon Gauthier,2024-09-30 15:00:00,2024-09-30 15:30:00,30,expired,2024-09-29 12:00:00
220,E08,STU8901,Jamal Ouazzani,2024-03-11 19:00:00,2024-03-11 22:00:00,180,active,2024-03-10 16:00:00
221,A02,VWX2345,Sarah Dubois,2024-07-26 12:00:00,2024-07-26 13:00:00,60,expired,2024-07-25 09:00:00
222,B06,YZA6789,Khalid Benali,2024-11-08 10:00:00,2024-11-08 12:00:00,120,active,2024-11-07 07:00:00
223,S08,BCD0123,Baptiste Bernard,2024-04-02 16:30:00,2024-04-02 17:00:00,30,expired,2024-04-01 13:00:00
224,E04,EFG4567,Amina Al-Khatib,2024-08-30 09:30:00,2024-08-30 12:30:00,180,active,2024-08-29 06:00:00
225,A09,HIJ8901,Léa Fournier,2024-12-11 13:00:00,2024-12-11 14:00:00,60,expired,2024-12-10 10:00:00
226,B03,KLM2345,Mohamed Said,2024-02-23 14:00:00,2024-02-23 16:00:00,120,active,2024-02-22 11:00:00
227,S06,NOP6789,Émilie Gauthier,2024-06-03 08:00:00,2024-06-03 08:30:00,30,expired,2024-06-02 05:00:00
228,E09,QRS0123,Mustafa El-Fassi,2024-10-16 17:00:00,2024-10-16 20:00:00,180,active,2024-10-15 14:00:00
229,A05,TUV4567,Charlotte Bernard,2024-01-18 10:00:00,2024-01-18 11:00:00,60,expired,2024-01-17 07:00:00
230,B08,WXY8901,Adil Khan,2024-05-30 11:30:00,2024-05-30 13:30:00,120,active,2024-05-29 08:00:00
231,S02,ZAB2345,Julie Bernard,2024-09-02 15:00:00,2024-09-02 15:30:00,30,expired,2024-09-01 12:00:00
232,E07,CDE6789,Samir Haddad,2024-03-15 19:00:00,2024-03-15 22:00:00,180,active,2024-03-14 16:00:00
233,A07,FGH0123,Manon Gauthier,2024-07-29 07:00:00,2024-07-29 08:00:00,60,expired,2024-07-28 04:00:00
234,B04,IJK4567,Hafsa Al-Fassi,2024-11-21 18:00:00,2024-11-21 20:00:00,120,active,2024-11-20 15:00:00
235,S10,LMN8901,Pauline Lefevre,2024-04-11 10:00:00,2024-04-11 10:30:00,30,expired,2024-04-10 07:00:00
236,E03,OPQ2345,Ali Ben Said,2024-08-16 14:30:00,2024-08-16 17:30:00,180,active,2024-08-15 11:00:00
237,A10,RST6789,Clara Martin,2024-12-13 09:30:00,2024-12-13 10:30:00,60,expired,2024-12-12 06:00:00
238,B10,UVW0123,Said Ouazzani,2024-02-02 13:00:00,2024-02-02 15:00:00,120,active,2024-02-01 10:00:00
239,S05,XYZ4567,Thomas Perrier,2024-06-22 15:30:00,2024-06-22 16:00:00,30,expired,2024-06-21 12:00:00
240,E10,ABC8901,Fatima Zahra Al-Khatib,2024-10-10 08:00:00,2024-10-10 11:00:00,180,active,2024-10-09 05:00:00
241,A01,DEF2345,Lucas Gauthier,2024-01-10 11:00:00,2024-01-10 12:00:00,60,expired,2024-01-09 08:00:00
242,B05,GHI6789,Hicham Said,2024-05-24 17:00:00,2024-05-24 19:00:00,120,active,2024-05-23 14:00:00
243,S03,JKL0123,Pauline Lefevre,2024-09-19 19:00:00,2024-09-19 19:30:00,30,expired,2024-09-18 16:00:00
244,E02,MNO4567,Layla Khan,2024-03-04 12:00:00,2024-03-04 15:00:00,180,active,2024-03-03 09:00:00
245,A08,PQR8901,Nicolas Dubois,2024-07-08 10:00:00,2024-07-08 11:00:00,60,expired,2024-07-07 07:00:00
246,B02,STU2345,Sofiane Benali,2024-11-05 09:00:00,2024-11-05 11:00:00,120,active,2024-11-04 06:00:00
247,S07,VWX6789,Julie Moreau,2024-04-25 16:00:00,2024-04-25 16:30:00,30,expired,2024-04-24 13:00:00
248,E05,YZA0123,Karim Hassan,2024-08-07 13:00:00,2024-08-07 16:00:00,180,active,2024-08-06 10:00:00
249,A04,BCD4567,Laura Bernard,2024-12-29 07:00:00,2024-12-29 08:00:00,60,expired,2024-12-28 04:00:00
250,B09,EFG8901,Ahmed Cherif,2024-02-18 18:00:00,2024-02-18 20:00:00,120,active,2024-02-17 15:00:00
251,S01,HIJ2345,Clara Dubois,2024-06-10 10:30:00,2024-06-10 11:00:00,30,expired,2024-06-09 07:00:00
252,E06,KLM6789,Mohammed Said,2024-10-26 14:00:00,2024-10-26 17:00:00,180,active,2024-10-25 11:00:00
253,A03,NOP0123,Sophie Gauthier,2024-01-24 11:30:00,2024-01-24 12:30:00,60,expired,2024-01-23 08:00:00
254,B07,QRS4567,Youssef Al-Fassi,2024-05-16 08:00:00,2024-05-16 10:00:00,120,active,2024-05-15 05:00:00
255,S09,TUV8901,Léa Martin,2024-09-05 15:00:00,2024-09-05 15:30:00,30,expired,2024-09-04 12:00:00
256,E01,WXY2345,Mustafa Al-Khatib,2024-03-18 19:00:00,2024-03-18 22:00:00,180,active,2024-03-17 16:00:00
257,A06,ZAB6789,Emma Dubois,2024-07-07 12:00:00,2024-07-07 13:00:00,60,expired,2024-07-06 09:00:00
258,B01,CDE0123,Omar Said,2024-11-26 10:00:00,2024-11-26 12:00:00,120,active,2024-11-25 07:00:00
259,S04,FGH4567,Chloé Laurent,2024-04-15 16:30:00,2024-04-15 17:00:00,30,expired,2024-04-14 13:00:00
260,E08,IJK8901,Samira El-Fassi,2024-08-12 09:30:00,2024-08-12 12:30:00,180,active,2024-08-11 06:00:00
261,A02,LMN2345,Antoine Dubois,2024-12-19 13:00:00,2024-12-19 14:00:00,60,expired,2024-12-18 10:00:00
262,B06,OPQ6789,Ali Ouazzani,2024-02-06 14:00:00,2024-02-06 16:00:00,120,active,2024-02-05 11:00:00
263,S08,PQR0123,Manon Bernard,2024-06-28 08:00:00,2024-06-28 08:30:00,30,expired,2024-06-27 05:00:00
264,E04,STU4567,Jamal Said,2024-10-06 17:00:00,2024-10-06 20:00:00,180,active,2024-10-05 14:00:00
265,A09,VWX8901,Sarah Gauthier,2024-01-15 10:00:00,2024-01-15 11:00:00,60,expired,2024-01-14 07:00:00
266,B03,YZA2345,Khalid Khan,2024-05-17 11:30:00,2024-05-17 13:30:00,120,active,2024-05-16 08:00:00
267,S06,BCD6789,Baptiste Dubois,2024-09-21 15:00:00,2024-09-21 15:30:00,30,expired,2024-09-20 12:00:00
268,E09,EFG0123,Amina Benali,2024-03-25 19:00:00,2024-03-25 22:00:00,180,active,2024-03-24 16:00:00
269,A05,HIJ4567,Léa Fournier,2024-07-19 07:00:00,2024-07-19 08:00:00,60,expired,2024-07-18 04:00:00
270,B08,KLM8901,Mohamed Al-Hammami,2024-11-12 18:00:00,2024-11-12 20:00:00,120,active,2024-11-11 15:00:00
271,S02,NOP2345,Émilie Gauthier,2024-04-04 10:00:00,2024-04-04 10:30:00,30,expired,2024-04-03 07:00:00
272,E07,QRS6789,Mustafa Mansour,2024-08-25 14:30:00,2024-08-25 17:30:00,180,active,2024-08-24 11:00:00
273,A07,TUV0123,Charlotte Bernard,2024-12-06 09:30:00,2024-12-06 10:30:00,60,expired,2024-12-05 06:00:00
274,B04,WXY4567,Said Bencharki,2024-02-13 13:00:00,2024-02-13 15:00:00,120,active,2024-02-12 10:00:00
275,S10,ZAB8901,Julie Perrier,2024-06-06 15:30:00,2024-06-06 16:00:00,30,expired,2024-06-05 12:00:00
276,E03,CDE2345,Fatima Zahra Said,2024-10-20 08:00:00,2024-10-20 11:00:00,180,active,2024-10-19 05:00:00
277,A10,FGH6789,Lucas Martin,2024-01-29 11:00:00,2024-01-29 12:00:00,60,expired,2024-01-28 08:00:00
278,B10,IJK0123,Hicham Al-Fassi,2024-05-27 17:00:00,2024-05-27 19:00:00,120,active,2024-05-26 14:00:00
279,S05,LMN4567,Pauline Bernard,2024-09-11 19:00:00,2024-09-11 19:30:00,30,expired,2024-09-10 16:00:00
280,E10,OPQ8901,Layla El-Fassi,2024-03-06 12:00:00,2024-03-06 15:00:00,180,active,2024-03-05 09:00:00
281,A01,PQR2345,Nicolas Gauthier,2024-07-10 10:00:00,2024-07-10 11:00:00,60,expired,2024-07-09 07:00:00
282,B05,STU6789,Sofiane Said,2024-11-02 09:00:00,2024-11-02 11:00:00,120,active,2024-11-01 06:00:00
283,S03,VWX0123,Julie Fournier,2024-04-23 16:00:00,2024-04-23 16:30:00,30,expired,2024-04-22 13:00:00
284,E02,YZA4567,Karim Benali,2024-08-08 13:00:00,2024-08-08 16:00:00,180,active,2024-08-07 10:00:00
285,A08,BCD8901,Laura Gauthier,2024-12-30 07:00:00,2024-12-30 08:00:00,60,expired,2024-12-29 04:00:00
286,B02,EFG2345,Ahmed El-Fassi,2024-02-21 18:00:00,2024-02-21 20:00:00,120,active,2024-02-20 15:00:00
287,S07,HIJ6789,Clara Perrier,2024-06-13 10:30:00,2024-06-13 11:00:00,30,expired,2024-06-12 07:00:00
288,E05,KLM0123,Mohammed El-Fassi,2024-10-27 14:00:00,2024-10-27 17:00:00,180,active,2024-10-26 11:00:00
289,A04,NOP4567,Sophie Bernard,2024-01-25 11:30:00,2024-01-25 12:30:00,60,expired,2024-01-24 08:00:00
290,B09,QRS8901,Youssef Ouazzani,2024-05-18 08:00:00,2024-05-18 10:00:00,120,active,2024-05-17 05:00:00
291,S01,TUV2345,Léa Gauthier,2024-09-23 15:00:00,2024-09-23 15:30:00,30,expired,2024-09-22 12:00:00
292,E06,WXY6789,Mustafa Said,2024-03-20 19:00:00,2024-03-20 22:00:00,180,active,2024-03-19 16:00:00
293,A03,ZAB0123,Emma Dubois,2024-07-09 12:00:00,2024-07-09 13:00:00,60,expired,2024-07-08 09:00:00
294,B07,CDE4567,Omar Al-Hammami,2024-11-28 10:00:00,2024-11-28 12:00:00,120,active,2024-11-27 07:00:00
295,S09,FGH8901,Chloé Laurent,2024-04-18 16:30:00,2024-04-18 17:00:00,30,expired,2024-04-17 13:00:00
296,E01,IJK2345,Samira Said,2024-08-14 09:30:00,2024-08-14 12:30:00,180,active,2024-08-13 06:00:00
297,A06,LMN6789,Antoine Dubois,2024-12-21 13:00:00,2024-12-21 14:00:00,60,expired,2024-12-20 10:00:00
298,B01,OPQ0123,Ali Al-Fihri,2024-02-10 14:00:00,2024-02-10 16:00:00,120,active,2024-02-09 11:00:00
299,S04,PQR4567,Manon Gauthier,2024-06-26 08:00:00,2024-06-26 08:30:00,30,expired,2024-06-25 05:00:00
300,E08,STU8901,Jamal Ouazzani,2024-10-04 17:00:00,2024-10-04 20:00:00,180,active,2024-10-03 14:00:00
301,A02,VWX2345,Sarah Dubois,2024-01-16 10:00:00,2024-01-16 11:00:00,60,expired,2024-01-15 07:00:00
302,B06,YZA6789,Khalid Benali,2024-05-11 11:30:00,2024-05-11 13:30:00,120,active,2024-05-10 08:00:00
303,S08,BCD0123,Baptiste Bernard,2024-09-15 15:00:00,2024-09-15 15:30:00,30,expired,2024-09-14 12:00:00
304,E04,EFG4567,Amina Al-Khatib,2024-03-08 19:00:00,2024-03-08 22:00:00,180,active,2024-03-07 16:00:00
305,A09,HIJ8901,Léa Fournier,2024-07-03 07:00:00,2024-07-03 08:00:00,60,expired,2024-07-02 04:00:00
306,B03,KLM2345,Mohamed Said,2024-11-09 18:00:00,2024-11-09 20:00:00,120,active,2024-11-08 15:00:00
307,S06,NOP6789,Émilie Gauthier,2024-04-06 10:00:00,2024-04-06 10:30:00,30,expired,2024-04-05 07:00:00
308,E09,QRS0123,Mustafa El-Fassi,2024-08-02 14:30:00,2024-08-02 17:30:00,180,active,2024-08-01 11:00:00
309,A05,TUV4567,Charlotte Bernard,2024-12-23 09:30:00,2024-12-23 10:30:00,60,expired,2024-12-22 06:00:00
310,B08,WXY8901,Adil Khan,2024-02-04 13:00:00,2024-02-04 15:00:00,120,active,2024-02-03 10:00:00
311,S02,ZAB2345,Julie Bernard,2024-06-19 15:30:00,2024-06-19 16:00:00,30,expired,2024-06-18 12:00:00
312,E07,CDE6789,Samir Haddad,2024-10-01 08:00:00,2024-10-01 11:00:00,180,active,2024-09-30 05:00:00
313,A07,FGH0123,Manon Gauthier,2024-01-19 11:00:00,2024-01-19 12:00:00,60,expired,2024-01-18 08:00:00
314,B04,IJK4567,Hafsa Al-Fassi,2024-05-12 17:00:00,2024-05-12 19:00:00,120,active,2024-05-11 14:00:00
315,S10,LMN8901,Pauline Lefevre,2024-09-25 19:00:00,2024-09-25 19:30:00,30,expired,2024-09-24 16:00:00
316,E03,OPQ2345,Ali Ben Said,2024-03-13 12:00:00,2024-03-13 15:00:00,180,active,2024-03-12 09:00:00
317,A10,RST6789,Clara Martin,2024-07-17 10:00:00,2024-07-17 11:00:00,60,expired,2024-07-16 07:00:00
318,B10,UVW0123,Said Ouazzani,2024-11-19 09:00:00,2024-11-19 11:00:00,120,active,2024-11-18 06:00:00
319,S05,XYZ4567,Thomas Perrier,2024-04-07 16:00:00,2024-04-07 16:30:00,30,expired,2024-04-06 13:00:00
320,E10,ABC8901,Fatima Zahra Al-Khatib,2024-08-23 13:00:00,2024-08-23 16:00:00,180,active,2024-08-22 10:00:00
321,A01,DEF2345,Lucas Gauthier,2024-12-04 07:00:00,2024-12-04 08:00:00,60,expired,2024-12-03 04:00:00
322,B05,GHI6789,Hicham Said,2024-02-11 18:00:00,2024-02-11 20:00:00,120,active,2024-02-10 15:00:00
323,S03,JKL0123,Pauline Lefevre,2024-06-15 10:30:00,2024-06-15 11:00:00,30,expired,2024-06-14 07:00:00
324,E02,MNO4567,Layla Khan,2024-10-22 14:00:00,2024-10-22 17:00:00,180,active,2024-10-21 11:00:00
325,A08,PQR8901,Nicolas Dubois,2024-01-12 11:30:00,2024-01-12 12:30:00,60,expired,2024-01-11 08:00:00
326,B02,STU2345,Sofiane Benali,2024-05-07 08:00:00,2024-05-07 10:00:00,120,active,2024-05-06 05:00:00
327,S07,VWX6789,Julie Moreau,2024-09-28 15:00:00,2024-09-28 15:30:00,30,expired,2024-09-27 12:00:00
328,E05,YZA0123,Karim Hassan,2024-03-27 19:00:00,2024-03-27 22:00:00,180,active,2024-03-26 16:00:00
329,A04,BCD4567,Laura Bernard,2024-07-23 12:00:00,2024-07-23 13:00:00,60,expired,2024-07-22 09:00:00
330,B09,EFG8901,Ahmed Cherif,2024-11-15 10:00:00,2024-11-15 12:00:00,120,active,2024-11-14 07:00:00
331,S01,HIJ2345,Clara Dubois,2024-04-19 16:30:00,2024-04-19 17:00:00,30,expired,2024-04-18 13:00:00
332,E06,KLM6789,Mohammed Said,2024-08-17 09:30:00,2024-08-17 12:30:00,180,active,2024-08-16 06:00:00
333,A03,NOP0123,Sophie Gauthier,2024-12-02 13:00:00,2024-12-02 14:00:00,60,expired,2024-12-01 10:00:00
334,B07,QRS4567,Youssef Al-Fassi,2024-02-24 14:00:00,2024-02-24 16:00:00,120,active,2024-02-23 11:00:00
335,S09,TUV8901,Léa Martin,2024-06-08 08:00:00,2024-06-08 08:30:00,30,expired,2024-06-07 05:00:00
336,E01,WXY2345,Mustafa Al-Khatib,2024-10-18 17:00:00,2024-10-18 20:00:00,180,active,2024-10-17 14:00:00
337,A06,ZAB6789,Emma Dubois,2024-01-07 10:00:00,2024-01-07 11:00:00,60,expired,2024-01-06 07:00:00
338,B01,CDE0123,Omar Said,2024-05-05 11:30:00,2024-05-05 13:30:00,120,active,2024-05-04 08:00:00
339,S04,FGH4567,Chloé Laurent,2024-09-26 15:00:00,2024-09-26 15:30:00,30,expired,2024-09-25 12:00:00
340,E08,IJK8901,Samira El-Fassi,2024-03-28 19:00:00,2024-03-28 22:00:00,180,active,2024-03-27 16:00:00
341,A02,LMN2345,Antoine Dubois,2024-07-12 07:00:00,2024-07-12 08:00:00,60,expired,2024-07-11 04:00:00
342,B06,OPQ6789,Ali Ouazzani,2024-11-10 18:00:00,2024-11-10 20:00:00,120,active,2024-11-09 15:00:00
343,S08,PQR0123,Manon Bernard,2024-04-20 10:00:00,2024-04-20 10:30:00,30,expired,2024-04-19 07:00:00
344,E04,STU4567,Jamal Said,2024-08-14 14:30:00,2024-08-14 17:30:00,180,active,2024-08-13 11:00:00
345,A09,VWX8901,Sarah Gauthier,2024-12-27 09:30:00,2024-12-27 10:30:00,60,expired,2024-12-26 06:00:00
346,B03,YZA2345,Khalid Khan,2024-02-26 13:00:00,2024-02-26 15:00:00,120,active,2024-02-25 10:00:00
347,S06,BCD6789,Baptiste Dubois,2024-06-09 15:30:00,2024-06-09 16:00:00,30,expired,2024-06-08 12:00:00
348,E09,EFG0123,Amina Benali,2024-10-02 08:00:00,2024-10-02 11:00:00,180,active,2024-10-01 05:00:00
349,A05,HIJ4567,Léa Fournier,2024-01-20 11:00:00,2024-01-20 12:00:00,60,expired,2024-01-19 08:00:00
350,B08,KLM8901,Mohamed Al-Hammami,2024-05-21 17:00:00,2024-05-21 19:00:00,120,active,2024-05-20 14:00:00
351,S02,NOP2345,Émilie Gauthier,2024-09-13 19:00:00,2024-09-13 19:30:00,30,expired,2024-09-12 16:00:00
352,E07,QRS6789,Mustafa Mansour,2024-03-01 12:00:00,2024-03-01 15:00:00,180,active,2024-02-29 09:00:00
353,A07,TUV0123,Charlotte Bernard,2024-07-05 10:00:00,2024-07-05 11:00:00,60,expired,2024-07-04 07:00:00
354,B04,WXY4567,Said Bencharki,2024-11-06 09:00:00,2024-11-06 11:00:00,120,active,2024-11-05 06:00:00
355,S10,ZAB8901,Julie Perrier,2024-04-21 16:00:00,2024-04-21 16:30:00,30,expired,2024-04-20 13:00:00
356,E03,CDE2345,Fatima Zahra Said,2024-08-15 13:00:00,2024-08-15 16:00:00,180,active,2024-08-14 10:00:00
357,A10,FGH6789,Lucas Martin,2024-12-29 07:00:00,2024-12-29 08:00:00,60,expired,2024-12-28 04:00:00
358,B10,IJK0123,Hicham Al-Fassi,2024-02-19 18:00:00,2024-02-19 20:00:00,120,active,2024-02-18 15:00:00
359,S05,LMN4567,Pauline Bernard,2024-06-12 10:30:00,2024-06-12 11:00:00,30,expired,2024-06-11 07:00:00
360,E10,OPQ8901,Layla El-Fassi,2024-10-28 14:00:00,2024-10-28 17:00:00,180,active,2024-10-27 11:00:00
361,A01,PQR2345,Nicolas Gauthier,2024-01-03 11:30:00,2024-01-03 12:30:00,60,expired,2024-01-02 08:00:00
362,B05,STU6789,Sofiane Said,2024-05-02 08:00:00,2024-05-02 10:00:00,120,active,2024-05-01 05:00:00
363,S03,VWX0123,Julie Fournier,2024-09-20 15:00:00,2024-09-20 15:30:00,30,expired,2024-09-19 12:00:00
364,E02,YZA4567,Karim Benali,2024-03-09 19:00:00,2024-03-09 22:00:00,180,active,2024-03-08 16:00:00
365,A08,BCD8901,Laura Gauthier,2024-07-24 12:00:00,2024-07-24 13:00:00,60,expired,2024-07-23 09:00:00
366,B02,EFG2345,Ahmed El-Fassi,2024-11-17 10:00:00,2024-11-17 12:00:00,120,active,2024-11-16 07:00:00
367,S07,HIJ6789,Clara Perrier,2024-04-13 16:30:00,2024-04-13 17:00:00,30,expired,2024-04-12 13:00:00
368,E05,KLM0123,Mohammed El-Fassi,2024-08-16 09:30:00,2024-08-16 12:30:00,180,active,2024-08-15 06:00:00
369,A04,NOP4567,Sophie Bernard,2024-12-01 13:00:00,2024-12-01 14:00:00,60,expired,2024-11-30 10:00:00
370,B09,QRS8901,Youssef Ouazzani,2024-02-25 14:00:00,2024-02-25 16:00:00,120,active,2024-02-24 11:00:00
371,S01,TUV2345,Léa Gauthier,2024-06-18 08:00:00,2024-06-18 08:30:00,30,expired,2024-06-17 05:00:00
372,E06,WXY6789,Mustafa Said,2024-10-07 17:00:00,2024-10-07 20:00:00,180,active,2024-10-06 14:00:00
373,A03,ZAB0123,Emma Dubois,2024-01-05 10:00:00,2024-01-05 11:00:00,60,expired,2024-01-04 07:00:00
374,B07,CDE4567,Omar Al-Hammami,2024-05-03 11:30:00,2024-05-03 13:30:00,120,active,2024-05-02 08:00:00
375,S09,FGH8901,Chloé Laurent,2024-09-27 15:00:00,2024-09-27 15:30:00,30,expired,2024-09-26 12:00:00
376,E01,IJK2345,Samira Said,2024-03-23 19:00:00,2024-03-23 22:00:00,180,active,2024-03-22 16:00:00
377,A06,LMN6789,Antoine Dubois,2024-07-06 07:00:00,2024-07-06 08:00:00,60,expired,2024-07-05 04:00:00
378,B01,OPQ0123,Ali Al-Fihri,2024-11-04 18:00:00,2024-11-04 20:00:00,120,active,2024-11-03 15:00:00
379,S04,PQR4567,Manon Gauthier,2024-04-16 10:00:00,2024-04-16 10:30:00,30,expired,2024-04-15 07:00:00
380,E08,STU8901,Jamal Ouazzani,2024-08-13 14:30:00,2024-08-13 17:30:00,180,active,2024-08-12 11:00:00
381,A02,VWX2345,Sarah Dubois,2024-12-14 09:30:00,2024-12-14 10:30:00,60,expired,2024-12-13 06:00:00
382,B06,YZA6789,Khalid Benali,2024-02-09 13:00:00,2024-02-09 15:00:00,120,active,2024-02-08 10:00:00
383,S08,BCD0123,Baptiste Bernard,2024-06-25 15:30:00,2024-06-25 16:00:00,30,expired,2024-06-24 12:00:00
384,E04,EFG4567,Amina Al-Khatib,2024-10-03 08:00:00,2024-10-03 11:00:00,180,active,2024-10-02 05:00:00
385,A09,HIJ8901,Léa Fournier,2024-01-11 11:00:00,2024-01-11 12:00:00,60,expired,2024-01-10 08:00:00
386,B03,KLM2345,Mohamed Said,2024-05-19 17:00:00,2024-05-19 19:00:00,120,active,2024-05-18 14:00:00
387,S06,NOP6789,Émilie Gauthier,2024-09-14 19:00:00,2024-09-14 19:30:00,30,expired,2024-09-13 16:00:00
388,E09,QRS0123,Mustafa Benali,2024-03-05 12:00:00,2024-03-05 15:00:00,180,active,2024-03-04 09:00:00
389,A05,TUV4567,Charlotte Bernard,2024-07-01 10:00:00,2024-07-01 11:00:00,60,expired,2024-06-30 07:00:00
390,B08,WXY8901,Adil Khan,2024-11-01 09:00:00,2024-11-01 11:00:00,120,active,2024-10-31 06:00:00
391,S02,ZAB2345,Julie Bernard,2024-04-20 16:00:00,2024-04-20 16:30:00,30,expired,2024-04-19 13:00:00
392,E07,CDE6789,Samir Haddad,2024-08-04 13:00:00,2024-08-04 16:00:00,180,active,2024-08-03 10:00:00
393,A07,FGH0123,Manon Gauthier,2024-12-20 07:00:00,2024-12-20 08:00:00,60,expired,2024-12-19 04:00:00
394,B04,IJK4567,Hafsa Al-Fassi,2024-02-28 18:00:00,2024-02-28 20:00:00,120,active,2024-02-27 15:00:00
395,S10,LMN8901,Pauline Lefevre,2024-06-16 10:30:00,2024-06-16 11:00:00,30,expired,2024-06-15 07:00:00
396,E03,OPQ2345,Ali Ben Said,2024-10-29 14:00:00,2024-10-29 17:00:00,180,active,2024-10-28 11:00:00
397,A10,RST6789,Clara Martin,2024-01-08 11:30:00,2024-01-08 12:30:00,60,expired,2024-01-07 08:00:00
398,B10,UVW0123,Said Ouazzani,2024-05-09 08:00:00,2024-05-09 10:00:00,120,active,2024-05-08 05:00:00
399,S05,XYZ4567,Thomas Perrier,2024-09-24 15:00:00,2024-09-24 15:30:00,30,expired,2024-09-23 12:00:00
400,E10,ABC8901,Fatima Zahra Al-Khatib,2024-03-29 19:00:00,2024-03-29 22:00:00,180,active,2024-03-28 16:00:00
401,A01,XYZ1234,Nour El-Sherif,2024-03-16 10:30:00,2024-03-16 11:30:00,60,active,2024-03-15 09:00:00
402,B05,ABC5678,Jean-Pierre Dupont,2024-07-23 14:00:00,2024-07-23 16:00:00,120,expired,2024-07-22 11:30:00
403,S03,DEF9012,Omar Sharif,2024-11-02 08:00:00,2024-11-02 08:30:00,30,active,2024-11-01 07:00:00
404,E02,GHI3456,Marie Curie,2024-01-06 18:30:00,2024-01-06 21:30:00,180,expired,2024-01-05 15:00:00
405,A08,JKL7890,Ahmed Mansour,2024-05-10 11:00:00,2024-05-10 12:00:00,60,active,2024-05-09 09:00:00
406,B02,MNO2345,Catherine Deneuve,2024-09-20 09:30:00,2024-09-20 11:30:00,120,active,2024-09-19 07:00:00
407,S07,PQR6789,Yasmine Al-Sayed,2024-02-29 16:00:00,2024-02-29 16:30:00,30,expired,2024-02-28 13:00:00
408,E05,STU0123,Georges Brassens,2024-06-13 13:00:00,2024-06-13 16:00:00,180,active,2024-06-12 10:00:00
409,A04,VWX4567,Samira Said,2024-10-26 07:00:00,2024-10-26 08:00:00,60,expired,2024-10-25 05:00:00
410,B09,YZA8901,François Hollande,2024-04-04 20:00:00,2024-04-04 22:00:00,120,active,2024-04-03 17:00:00
411,S01,BCD2345,Aisha Abdullah,2024-08-08 10:00:00,2024-08-08 10:30:00,30,active,2024-08-07 08:00:00
412,E06,EFG6789,Emmanuel Macron,2024-12-12 15:30:00,2024-12-12 18:30:00,180,expired,2024-12-11 12:00:00
413,A03,HIJ0123,Nadia El-Fassi,2024-01-21 12:00:00,2024-01-21 13:00:00,60,active,2024-01-20 09:00:00
414,B07,KLM4567,Brigitte Bardot,2024-05-25 09:00:00,2024-05-25 11:00:00,120,expired,2024-05-24 07:00:00
415,S09,NOP8901,Ali Said,2024-09-03 17:00:00,2024-09-03 17:30:00,30,active,2024-09-02 14:00:00
416,E01,QRS2345,Jacques Chirac,2024-03-09 14:30:00,2024-03-09 17:30:00,180,expired,2024-03-08 11:00:00
417,A06,TUV6789,Leila Khan,2024-07-17 11:30:00,2024-07-17 12:30:00,60,active,2024-07-16 09:00:00
418,B01,WXY0123,Zinedine Zidane,2024-11-21 08:30:00,2024-11-21 10:30:00,120,active,2024-11-20 06:00:00
419,S04,ZAB4567,Mohammed El-Amin,2024-04-30 19:00:00,2024-04-30 19:30:00,30,expired,2024-04-29 16:00:00
420,E08,CDE8901,Coco Chanel,2024-08-14 10:30:00,2024-08-14 13:30:00,180,active,2024-08-13 07:00:00
421,A02,FGH2345,Amal Abidi,2024-12-26 16:00:00,2024-12-26 17:00:00,60,expired,2024-12-25 13:00:00
422,B06,IJK6789,Louis Vuitton,2024-02-15 09:00:00,2024-02-15 11:00:00,120,active,2024-02-14 06:00:00
423,S08,LMN0123,Mustafa Kamal,2024-06-21 13:00:00,2024-06-21 13:30:00,30,expired,2024-06-20 10:00:00
424,E04,OPQ4567,Edith Piaf,2024-10-08 07:30:00,2024-10-08 10:30:00,180,active,2024-10-07 05:00:00
425,A09,RST8901,Nabila Said,2024-01-31 18:00:00,2024-01-31 19:00:00,60,expired,2024-01-30 15:00:00
426,B03,UVW2345,Charles de Gaulle,2024-05-11 10:00:00,2024-05-11 12:00:00,120,active,2024-05-10 07:00:00
427,S06,XYZ6789,Salma Hayek,2024-09-15 15:00:00,2024-09-15 15:30:00,30,expired,2024-09-14 12:00:00
428,E09,ABC0123,Victor Hugo,2024-03-23 08:00:00,2024-03-23 11:00:00,180,active,2024-03-22 05:00:00
429,A05,DEF4567,Mohammed Nasser,2024-07-02 12:30:00,2024-07-02 13:30:00,60,expired,2024-07-01 09:00:00
430,B08,GHI8901,Catherine Zeta-Jones,2024-11-06 09:30:00,2024-11-06 11:30:00,120,active,2024-11-05 07:00:00
431,S02,JKL2345,Amina Said,2024-04-18 16:00:00,2024-04-18 16:30:00,30,expired,2024-04-17 13:00:00
432,E07,MNO6789,Gerard Depardieu,2024-08-29 11:00:00,2024-08-29 14:00:00,180,active,2024-08-28 08:00:00
433,A07,PQR0123,Souad Al-Sabah,2024-12-04 14:00:00,2024-12-04 15:00:00,60,expired,2024-12-03 11:00:00
434,B04,STU4567,Juliette Binoche,2024-02-10 10:00:00,2024-02-10 12:00:00,120,active,2024-02-09 07:00:00
435,S10,VWX8901,Faisal Al-Saud,2024-06-26 07:00:00,2024-06-26 07:30:00,30,expired,2024-06-25 04:00:00
436,E03,YZA2345,Vincent Cassel,2024-10-15 19:00:00,2024-10-15 22:00:00,180,active,2024-10-14 16:00:00
437,A10,BCD6789,Dalia Ziad,2024-01-11 11:00:00,2024-01-11 12:00:00,60,expired,2024-01-10 08:00:00
438,B10,EFG0123,Audrey Tautou,2024-05-02 13:00:00,2024-05-02 15:00:00,120,active,2024-05-01 10:00:00
439,S05,HIJ4567,Rami Malek,2024-09-07 15:30:00,2024-09-07 16:00:00,30,expired,2024-09-06 12:00:00
440,E10,KLM8901,Marion Cotillard,2024-03-02 09:30:00,2024-03-02 12:30:00,180,active,2024-03-01 06:00:00
441,A01,NOP2345,Hassan Abbas,2024-07-10 16:00:00,2024-07-10 17:00:00,60,expired,2024-07-09 13:00:00
442,B05,QRS6789,Jean Reno,2024-11-14 10:00:00,2024-11-14 12:00:00,120,active,2024-11-13 07:00:00
443,S03,TUV0123,Salma Rachid,2024-04-23 08:00:00,2024-04-23 08:30:00,30,expired,2024-04-22 05:00:00
444,E02,WXY4567,Omar Sy,2024-08-21 14:00:00,2024-08-21 17:00:00,180,active,2024-08-20 11:00:00
445,A08,ZAB8901,Fatima Al-Maroc,2024-12-09 17:00:00,2024-12-09 18:00:00,60,expired,2024-12-08 14:00:00
446,B02,CDE2345,Eva Green,2024-02-04 11:00:00,2024-02-04 13:00:00,120,active,2024-02-03 08:00:00
447,S07,FGH6789,Adel Imam,2024-06-19 09:00:00,2024-06-19 09:30:00,30,expired,2024-06-18 06:00:00
448,E05,IJK0123,Léa Seydoux,2024-10-22 13:00:00,2024-10-22 16:00:00,180,active,2024-10-21 10:00:00
449,A04,LMN4567,Hana Al-Ahmar,2024-01-27 15:00:00,2024-01-27 16:00:00,60,expired,2024-01-26 12:00:00
450,B09,OPQ8901,Romain Duris,2024-05-16 10:30:00,2024-05-16 12:30:00,120,active,2024-05-15 07:00:00
451,S01,RST2345,Nourhane Boukhari,2024-09-28 12:00:00,2024-09-28 12:30:00,30,expired,2024-09-27 09:00:00
452,E06,UVW6789,Isabelle Huppert,2024-03-13 16:00:00,2024-03-13 19:00:00,180,active,2024-03-12 13:00:00
453,A03,XYZ0123,Ahmed Zaki,2024-07-29 07:00:00,2024-07-29 08:00:00,60,expired,2024-07-28 04:00:00
454,B07,ABC4567,Louis Garrel,2024-11-30 18:00:00,2024-11-30 20:00:00,120,active,2024-11-29 15:00:00
455,S09,DEF8901,Mona Zaki,2024-04-09 10:00:00,2024-04-09 10:30:00,30,expired,2024-04-08 07:00:00
456,E01,GHI2345,Jean Dujardin,2024-08-02 14:30:00,2024-08-02 17:30:00,180,active,2024-08-01 11:00:00
457,A06,JKL6789,Rachid Taha,2024-12-17 09:30:00,2024-12-17 10:30:00,60,expired,2024-12-16 06:00:00
458,B01,MNO0123,Sophie Marceau,2024-02-21 13:00:00,2024-02-21 15:00:00,120,active,2024-02-20 10:00:00
459,S04,PQR4567,Karim Said,2024-06-06 15:30:00,2024-06-06 16:00:00,30,expired,2024-06-05 12:00:00
460,E08,STU8901,Pierre Richard,2024-10-04 08:00:00,2024-10-04 11:00:00,180,active,2024-10-03 05:00:00
461,A02,VWX2345,Zahra Al-Fihri,2024-01-15 11:00:00,2024-01-15 12:00:00,60,expired,2024-01-14 08:00:00
462,B06,YZA6789,Gilles Lellouche,2024-05-30 17:00:00,2024-05-30 19:00:00,120,active,2024-05-29 14:00:00
463,S08,BCD0123,Salim Khedira,2024-09-11 19:00:00,2024-09-11 19:30:00,30,expired,2024-09-10 16:00:00
464,E04,EFG4567,Jean-Paul Belmondo,2024-03-06 12:00:00,2024-03-06 15:00:00,180,active,2024-03-05 09:00:00
465,A09,HIJ8901,Layla Said,2024-07-08 10:00:00,2024-07-08 11:00:00,60,expired,2024-07-07 07:00:00
466,B03,KLM2345,Melanie Laurent,2024-11-10 09:00:00,2024-11-10 11:00:00,120,active,2024-11-09 06:00:00
467,S06,NOP6789,Tarek Said,2024-04-25 16:00:00,2024-04-25 16:30:00,30,expired,2024-04-24 13:00:00
468,E09,QRS0123,Gérard Jugnot,2024-08-06 13:00:00,2024-08-06 16:00:00,180,active,2024-08-05 10:00:00
469,A05,TUV4567,Mariam Al-Masri,2024-12-21 07:00:00,2024-12-21 08:00:00,60,expired,2024-12-20 04:00:00
470,B08,WXY8901,Omar Sharif,2024-02-26 18:00:00,2024-02-26 20:00:00,120,active,2024-02-25 15:00:00
471,S02,ZAB2345,Aisha Al-Sayed,2024-06-10 10:30:00,2024-06-10 11:00:00,30,expired,2024-06-09 07:00:00
472,E07,CDE6789,Louis de Funès,2024-10-18 14:00:00,2024-10-18 17:00:00,180,active,2024-10-17 11:00:00
473,A07,FGH0123,Rami Abidi,2024-01-09 11:30:00,2024-01-09 12:30:00,60,expired,2024-01-08 08:00:00
474,B04,IJK4567,Julie Delpy,2024-05-07 08:00:00,2024-05-07 10:00:00,120,active,2024-05-06 05:00:00
475,S10,LMN8901,Said El-Amin,2024-09-21 15:00:00,2024-09-21 15:30:00,30,expired,2024-09-20 12:00:00
476,E03,OPQ2345,Jean-Pierre Jeunet,2024-03-30 19:00:00,2024-03-30 22:00:00,180,active,2024-03-29 16:00:00
477,A10,RST6789,Zahra Ziad,2024-07-14 12:00:00,2024-07-14 13:00:00,60,expired,2024-07-13 09:00:00
478,B10,UVW0123,Anna Karina,2024-11-19 10:00:00,2024-11-19 12:00:00,120,active,2024-11-18 07:00:00
479,S05,XYZ4567,Hassan Al-Sabah,2024-04-02 16:30:00,2024-04-02 17:00:00,30,expired,2024-04-01 13:00:00
480,E10,ABC8901,Isabelle Adjani,2024-08-25 09:30:00,2024-08-25 12:30:00,180,active,2024-08-24 06:00:00
481,A01,DEF2345,Mustafa Said,2024-12-08 13:00:00,2024-12-08 14:00:00,60,expired,2024-12-07 10:00:00
482,B05,GHI6789,Alain Delon,2024-02-20 14:00:00,2024-02-20 16:00:00,120,active,2024-02-19 11:00:00
483,S03,JKL0123,Yasmin Hamza,2024-06-03 08:00:00,2024-06-03 08:30:00,30,expired,2024-06-02 05:00:00
484,E02,MNO4567,Catherine Frot,2024-10-30 17:00:00,2024-10-30 20:00:00,180,active,2024-10-29 14:00:00
485,A08,PQR8901,Rachid Mounir,2024-01-24 10:00:00,2024-01-24 11:00:00,60,expired,2024-01-23 07:00:00
486,B02,STU2345,Vincent Lindon,2024-05-20 11:30:00,2024-05-20 13:30:00,120,active,2024-05-19 08:00:00
487,S07,VWX6789,Amira Boukhari,2024-09-05 15:00:00,2024-09-05 15:30:00,30,expired,2024-09-04 12:00:00
488,E05,YZA0123,Jean-Pierre Bacri,2024-03-18 19:00:00,2024-03-18 22:00:00,180,active,2024-03-17 16:00:00
489,A04,BCD4567,Khalid Said,2024-07-04 07:00:00,2024-07-04 08:00:00,60,expired,2024-07-03 04:00:00
490,B09,EFG8901,Gad Elmaleh,2024-11-26 18:00:00,2024-11-26 20:00:00,120,active,2024-11-25 15:00:00
491,S01,HIJ2345,Sarah Al-Fassi,2024-04-15 10:00:00,2024-04-15 10:30:00,30,expired,2024-04-14 07:00:00
492,E06,KLM6789,Guillaume Canet,2024-08-19 14:30:00,2024-08-19 17:30:00,180,active,2024-08-18 11:00:00
493,A03,NOP0123,Zouhair El-Wardi,2024-12-15 09:30:00,2024-12-15 10:30:00,60,expired,2024-12-14 06:00:00
494,B07,QRS4567,Emmanuelle Béart,2024-02-08 13:00:00,2024-02-08 15:00:00,120,active,2024-02-07 10:00:00
495,S09,TUV8901,Samira Al-Hassani,2024-06-24 15:30:00,2024-06-24 16:00:00,30,expired,2024-06-23 12:00:00
496,E01,WXY2345,Philippe Noiret,2024-10-11 08:00:00,2024-10-11 11:00:00,180,active,2024-10-10 05:00:00
497,A06,ZAB6789,Hicham Said,2024-01-03 11:00:00,2024-01-03 12:00:00,60,expired,2024-01-02 08:00:00
498,B01,CDE0123,Vanessa Paradis,2024-05-23 17:00:00,2024-05-23 19:00:00,120,active,2024-05-22 14:00:00
499,S04,FGH4567,Mohammed Nasser,2024-09-09 19:00:00,2024-09-09 19:30:00,30,expired,2024-09-08 16:00:00
500,E08,IJK8901,Isabelle Carré,2024-03-04 12:00:00,2024-03-04 15:00:00,180,active,2024-03-03 09:00:00
501,A01,XYZ1234,Aisha Khan,2025-03-10 10:30:00,2025-03-10 11:30:00,60,expired,2025-03-09 09:00:00
502,B05,ABC5678,Omar Al-Farsi,2025-05-22 14:00:00,2025-05-22 16:00:00,120,active,2025-05-21 10:00:00
503,S03,DEF9012,Fatima Zahra,2025-01-15 08:00:00,2025-01-15 08:30:00,30,expired,2025-01-14 14:00:00
504,E02,GHI3456,Pierre Dupont,2025-04-01 18:30:00,2025-04-01 21:30:00,180,active,2025-03-31 11:00:00
505,A07,JKL7890,Isabella Rossi,2025-02-28 11:45:00,2025-02-28 12:45:00,60,expired,2025-02-27 16:00:00
506,B09,MNO2345,Ahmed Mansour,2025-06-03 09:15:00,2025-06-03 11:15:00,120,active,2025-06-02 08:00:00
507,S06,PQR6789,Sophie Dubois,2025-03-20 16:00:00,2025-03-20 16:30:00,30,expired,2025-03-19 13:00:00
508,E01,STU1234,Mohammed Al-Qahtani,2025-01-05 20:00:00,2025-01-05 23:00:00,180,active,2025-01-04 17:00:00
509,A04,VWX5678,Maria Gomez,2025-05-11 07:00:00,2025-05-11 08:00:00,60,expired,2025-05-10 09:00:00
510,B02,YZA9012,Jean-Luc Picard,2025-04-25 13:00:00,2025-04-25 15:00:00,120,active,2025-04-24 10:00:00
511,A09,BCD3456,Youssef Hassan,2025-03-01 09:30:00,2025-03-01 10:00:00,30,expired,2025-02-28 14:00:00
512,B03,EFG7890,Clara Schmidt,2025-02-14 15:00:00,2025-02-14 18:00:00,180,active,2025-02-13 11:00:00
513,S01,HIJ2345,Nour Abdelaziz,2025-06-01 10:00:00,2025-06-01 11:00:00,60,expired,2025-05-31 16:00:00
514,E05,KLM6789,Hans Müller,2025-01-22 19:30:00,2025-01-22 21:30:00,120,active,2025-01-21 08:00:00
515,A02,NOP1234,Zahra Mohamed,2025-04-18 11:00:00,2025-04-18 11:30:00,30,expired,2025-04-17 13:00:00
516,B06,QRS5678,Lucie Moreau,2025-03-05 08:45:00,2025-03-05 11:45:00,180,active,2025-03-04 10:00:00
517,S04,TUV9012,Karim Benali,2025-05-07 14:30:00,2025-05-07 15:30:00,60,expired,2025-05-06 15:00:00
518,E07,WXY3456,Anna Kowalski,2025-02-09 17:00:00,2025-02-09 19:00:00,120,active,2025-02-08 09:00:00
519,A06,ZAB7890,Omar Sharif,2025-01-29 10:15:00,2025-01-29 10:45:00,30,expired,2025-01-28 12:00:00
520,B01,CDE2345,Lena Eriksson,2025-04-09 16:30:00,2025-04-09 19:30:00,180,active,2025-04-08 10:00:00
521,A08,FGH6789,Samira Haddad,2025-03-17 12:00:00,2025-03-17 13:00:00,60,expired,2025-03-16 11:00:00
522,B04,IJK1234,David Rodriguez,2025-05-02 09:00:00,2025-05-02 11:00:00,120,active,2025-05-01 08:00:00
523,S02,LMN5678,Layla Said,2025-01-11 07:30:00,2025-01-11 08:00:00,30,expired,2025-01-10 15:00:00
524,E06,OPQ9012,Thomas Dubois,2025-04-29 18:00:00,2025-04-29 21:00:00,180,active,2025-04-28 12:00:00
525,A03,RST3456,Hind Al-Hammami,2025-02-20 10:45:00,2025-02-20 11:45:00,60,expired,2025-02-19 14:00:00
526,B07,UVW7890,Eleonora Bianchi,2025-06-05 15:30:00,2025-06-05 17:30:00,120,active,2025-06-04 09:00:00
527,S05,XYZ1234,Ali Hassan,2025-03-25 11:00:00,2025-03-25 11:30:00,30,expired,2025-03-24 16:00:00
528,E09,ABC5678,Antoine Martin,2025-01-08 20:30:00,2025-01-08 23:30:00,180,active,2025-01-07 10:00:00
529,A05,DEF9012,Sara Mahmoud,2025-05-16 08:30:00,2025-05-16 09:30:00,60,expired,2025-05-15 11:00:00
530,B08,GHI3456,Emma Persson,2025-04-03 14:00:00,2025-04-03 16:00:00,120,active,2025-04-02 08:00:00
531,A10,JKL7890,Khaled Abdullah,2025-03-08 09:00:00,2025-03-08 09:30:00,30,expired,2025-03-07 14:00:00
532,B10,MNO2345,Sofia Papadopoulos,2025-02-23 16:00:00,2025-02-23 19:00:00,180,active,2025-02-22 10:00:00
533,S07,PQR6789,Rania Said,2025-06-02 10:30:00,2025-06-02 11:30:00,60,expired,2025-06-01 15:00:00
534,E10,STU1234,Lucas Müller,2025-01-19 19:00:00,2025-01-19 21:00:00,120,active,2025-01-18 09:00:00
535,A01,VWX5678,Amira Cherif,2025-04-12 11:30:00,2025-04-12 12:00:00,30,expired,2025-04-11 13:00:00
536,B05,YZA9012,Elena Petrov,2025-03-02 08:00:00,2025-03-02 11:00:00,180,active,2025-03-01 10:00:00
537,S03,BCD3456,Tariq Saleh,2025-05-28 14:00:00,2025-05-28 15:00:00,60,expired,2025-05-27 15:00:00
538,E02,EFG7890,Marie Leclerc,2025-02-05 17:30:00,2025-02-05 19:30:00,120,active,2025-02-04 09:00:00
539,A07,HIJ2345,Leila Ben Moussa,2025-01-26 10:00:00,2025-01-26 10:30:00,30,expired,2025-01-25 12:00:00
540,B09,KLM6789,Julian Klein,2025-04-07 16:00:00,2025-04-07 19:00:00,180,active,2025-04-06 10:00:00
541,A04,NOP1234,Mona Hassan,2025-03-14 12:30:00,2025-03-14 13:30:00,60,expired,2025-03-13 11:00:00
542,B02,QRS5678,Marc Dubois,2025-05-09 09:30:00,2025-05-09 11:30:00,120,active,2025-05-08 08:00:00
543,S06,TUV9012,Zainab Ahmed,2025-01-02 07:00:00,2025-01-02 07:30:00,30,expired,2025-01-01 15:00:00
544,E01,WXY3456,Frederic Rousseau,2025-04-20 18:30:00,2025-04-20 21:30:00,180,active,2025-04-19 12:00:00
545,A09,ZAB7890,Nadia Cherif,2025-02-17 11:00:00,2025-02-17 12:00:00,60,expired,2025-02-16 14:00:00
546,B03,CDE2345,Ismail Hassan,2025-06-04 15:00:00,2025-06-04 17:00:00,120,active,2025-06-03 09:00:00
547,S01,FGH6789,Ines Ben Ali,2025-03-28 10:00:00,2025-03-28 10:30:00,30,expired,2025-03-27 16:00:00
548,E05,IJK1234,Pierre Le Grand,2025-01-10 20:00:00,2025-01-10 23:00:00,180,active,2025-01-09 10:00:00
549,A02,LMN5678,Salma Khan,2025-05-20 08:00:00,2025-05-20 09:00:00,60,expired,2025-05-19 11:00:00
550,B06,OPQ9012,Anna Svensson,2025-04-06 13:30:00,2025-04-06 15:30:00,120,active,2025-04-05 08:00:00
551,A08,RST3456,Majid Al-Qahtani,2025-03-04 09:00:00,2025-03-04 09:30:00,30,expired,2025-03-03 14:00:00
552,B01,UVW7890,Eva Karlsson,2025-02-25 16:30:00,2025-02-25 19:30:00,180,active,2025-02-24 10:00:00
553,S02,XYZ1234,Rachid Mansour,2025-06-06 11:00:00,2025-06-06 12:00:00,60,expired,2025-06-05 15:00:00
554,E06,ABC5678,Lena Fischer,2025-01-24 19:30:00,2025-01-24 21:30:00,120,active,2025-01-23 09:00:00
555,A03,DEF9012,Hana Said,2025-04-16 12:00:00,2025-04-16 12:30:00,30,expired,2025-04-15 13:00:00
556,B07,GHI3456,Marc Dupont,2025-03-07 08:30:00,2025-03-07 11:30:00,180,active,2025-03-06 10:00:00
557,S05,JKL7890,Amin Khan,2025-05-04 14:00:00,2025-05-04 15:00:00,60,expired,2025-05-03 15:00:00
558,E09,MNO2345,Silvia Garcia,2025-02-01 17:00:00,2025-02-01 19:00:00,120,active,2025-01-31 09:00:00
559,A05,PQR6789,Sara Ben Said,2025-01-13 10:30:00,2025-01-13 11:00:00,30,expired,2025-01-12 12:00:00
560,B08,STU1234,Louis Lambert,2025-04-14 16:00:00,2025-04-14 19:00:00,180,active,2025-04-13 10:00:00
561,A10,VWX5678,Fatima Cherif,2025-03-19 11:45:00,2025-03-19 12:45:00,60,expired,2025-03-18 11:00:00
562,B10,YZA9012,Mohammed Salih,2025-05-01 09:15:00,2025-05-01 11:15:00,120,active,2025-04-30 08:00:00
563,S07,BCD3456,Amal Al-Hammami,2025-01-06 07:45:00,2025-01-06 08:15:00,30,expired,2025-01-05 15:00:00
564,E10,EFG7890,Julia Weber,2025-04-27 18:00:00,2025-04-27 21:00:00,180,active,2025-04-26 12:00:00
565,A01,HIJ2345,Aisha Mansour,2025-02-22 10:00:00,2025-02-22 11:00:00,60,expired,2025-02-21 14:00:00
566,B05,KLM6789,Paul Bernard,2025-06-01 15:30:00,2025-06-01 17:30:00,120,active,2025-05-31 09:00:00
567,S03,NOP1234,Nadia Said,2025-03-23 10:30:00,2025-03-23 11:00:00,30,expired,2025-03-22 16:00:00
568,E02,QRS5678,Anna Miller,2025-01-03 20:00:00,2025-01-03 23:00:00,180,active,2025-01-02 10:00:00
569,A07,TUV9012,Ahmed Al-Ghamdi,2025-05-18 08:00:00,2025-05-18 09:00:00,60,expired,2025-05-17 11:00:00
570,B09,WXY3456,Sofia Rossi,2025-04-05 13:00:00,2025-04-05 15:00:00,120,active,2025-04-04 08:00:00
571,A04,ZAB7890,Omar Benali,2025-03-09 09:30:00,2025-03-09 10:00:00,30,expired,2025-03-08 14:00:00
572,B02,CDE2345,Camille Dubois,2025-02-12 16:00:00,2025-02-12 19:00:00,180,active,2025-02-11 10:00:00
573,S06,FGH6789,Lina Abdelaziz,2025-06-03 10:00:00,2025-06-03 11:00:00,60,expired,2025-06-02 15:00:00
574,E01,IJK1234,Max Schmidt,2025-01-21 19:00:00,2025-01-21 21:00:00,120,active,2025-01-20 09:00:00
575,A09,LMN5678,Zahra Mohamed,2025-04-19 11:00:00,2025-04-19 11:30:00,30,expired,2025-04-18 13:00:00
576,B03,OPQ9012,Vincent Leblanc,2025-03-06 08:45:00,2025-03-06 11:45:00,180,active,2025-03-05 10:00:00
577,S01,RST3456,Khalid Ben Ali,2025-05-06 14:30:00,2025-05-06 15:30:00,60,expired,2025-05-05 15:00:00
578,E05,UVW7890,Olga Petrova,2025-02-08 17:00:00,2025-02-08 19:00:00,120,active,2025-02-07 09:00:00
579,A02,XYZ1234,Amira Khan,2025-01-28 10:15:00,2025-01-28 10:45:00,30,expired,2025-01-27 12:00:00
580,B06,ABC5678,Christian Olsen,2025-04-08 16:30:00,2025-04-08 19:30:00,180,active,2025-04-07 10:00:00
581,A08,DEF9012,Samir Hussein,2025-03-12 10:00:00,2025-03-12 11:00:00,60,active,2025-03-11 09:00:00
582,B01,GHI3456,Chloé Dubois,2025-05-25 15:00:00,2025-05-25 17:00:00,120,active,2025-05-24 10:00:00
583,S04,JKL7890,Yasmine Ben Said,2025-01-17 08:30:00,2025-01-17 09:00:00,30,expired,2025-01-16 14:00:00
584,E08,MNO2345,Oliver Roth,2025-04-02 19:00:00,2025-04-02 22:00:00,180,active,2025-04-01 11:00:00
585,A01,PQR6789,Laila Mohammed,2025-02-29 12:00:00,2025-02-29 13:00:00,60,expired,2025-02-28 16:00:00
586,B05,STU1234,Freya Olsen,2025-06-06 09:00:00,2025-06-06 11:00:00,120,active,2025-06-05 08:00:00
587,S03,VWX5678,Hassan Al-Farsi,2025-03-21 16:30:00,2025-03-21 17:00:00,30,expired,2025-03-20 13:00:00
588,E02,YZA9012,Hannah Müller,2025-01-07 20:30:00,2025-01-07 23:30:00,180,active,2025-01-06 17:00:00
589,A07,BCD3456,Nour Al-Hammami,2025-05-13 07:30:00,2025-05-13 08:30:00,60,expired,2025-05-12 09:00:00
590,B09,CDE2345,Lucas Garcia,2025-04-26 13:30:00,2025-04-26 15:30:00,120,active,2025-04-25 10:00:00
591,A04,EFG7890,Zahra Hassan,2025-03-03 09:00:00,2025-03-03 09:30:00,30,expired,2025-03-02 14:00:00
592,B02,FGH6789,Emma Dubois,2025-02-15 15:30:00,2025-02-15 18:30:00,180,active,2025-02-14 11:00:00
593,S06,HIJ2345,Amira Said,2025-06-04 10:00:00,2025-06-04 11:00:00,60,expired,2025-06-03 16:00:00
594,E01,KLM6789,Leo Schmidt,2025-01-23 19:30:00,2025-01-23 21:30:00,120,active,2025-01-22 08:00:00
595,A09,NOP1234,Fatima Ben Ali,2025-04-20 11:00:00,2025-04-20 11:30:00,30,expired,2025-04-19 13:00:00
596,B03,QRS5678,Louis Martin,2025-03-06 08:00:00,2025-03-06 11:00:00,180,active,2025-03-05 10:00:00
597,S01,RST3456,Ahmed Salah,2025-05-08 14:00:00,2025-05-08 15:00:00,60,expired,2025-05-07 15:00:00
598,E05,TUV9012,Charlotte Rousseau,2025-02-10 17:00:00,2025-02-10 19:00:00,120,active,2025-02-09 09:00:00
599,A02,UVW7890,Layla Khan,2025-01-30 10:15:00,2025-01-30 10:45:00,30,expired,2025-01-29 12:00:00
600,B06,WXY3456,Oscar Nilsson,2025-04-10 16:30:00,2025-04-10 19:30:00,180,active,2025-04-09 10:00:00
601,A08,ZAB7890,Mariam Al-Qahtani,2025-03-18 12:00:00,2025-03-18 13:00:00,60,expired,2025-03-17 11:00:00
602,B01,ABC1234,Elias Müller,2025-05-03 09:00:00,2025-05-03 11:00:00,120,active,2025-05-02 08:00:00
603,S04,BCD5678,Zainab Ahmed,2025-01-12 07:30:00,2025-01-12 08:00:00,30,expired,2025-01-11 15:00:00
604,E08,CDE9012,Antoine Dubois,2025-04-30 18:00:00,2025-04-30 21:00:00,180,active,2025-04-29 12:00:00
605,A03,EFG3456,Hind Abdullah,2025-02-21 10:45:00,2025-02-21 11:45:00,60,expired,2025-02-20 14:00:00
606,B07,FGH7890,Silas Kristensen,2025-06-06 15:30:00,2025-06-06 17:30:00,120,active,2025-06-05 09:00:00
607,S05,GHI2345,Ali Mansour,2025-03-26 11:00:00,2025-03-26 11:30:00,30,expired,2025-03-25 16:00:00
608,E09,IJK6789,Lotte Jensen,2025-01-09 20:30:00,2025-01-09 23:30:00,180,active,2025-01-08 10:00:00
609,A05,JKL1234,Sara Said,2025-05-17 08:30:00,2025-05-17 09:30:00,60,expired,2025-05-16 11:00:00
610,B08,LMN5678,Felix Bergman,2025-04-04 14:00:00,2025-04-04 16:00:00,120,active,2025-04-03 08:00:00
611,A10,NOP9012,Khaled Cherif,2025-03-09 09:00:00,2025-03-09 09:30:00,30,expired,2025-03-08 14:00:00
612,B10,OPQ3456,Emilie Larsen,2025-02-24 16:00:00,2025-02-24 19:00:00,180,active,2025-02-23 10:00:00
613,S07,PQR7890,Rania Al-Hammami,2025-06-03 10:30:00,2025-06-03 11:30:00,60,expired,2025-06-02 15:00:00
614,E10,STU1234,Sebastian Becker,2025-01-20 19:00:00,2025-01-20 21:00:00,120,active,2025-01-19 09:00:00
615,A01,VWX5678,Amira Mohamed,2025-04-13 11:30:00,2025-04-13 12:00:00,30,expired,2025-04-12 13:00:00
616,B05,YZA9012,Laura Svensson,2025-03-03 08:00:00,2025-03-03 11:00:00,180,active,2025-03-02 10:00:00
617,S03,BCD3456,Tariq Benali,2025-05-29 14:00:00,2025-05-29 15:00:00,60,expired,2025-05-28 15:00:00
618,E02,CDE7890,Anna Schmidt,2025-02-06 17:30:00,2025-02-06 19:30:00,120,active,2025-02-05 09:00:00
619,A07,FGH2345,Leila Mansour,2025-01-27 10:00:00,2025-01-27 10:30:00,30,expired,2025-01-26 12:00:00
620,B09,IJK6789,Leo Dubois,2025-04-08 16:00:00,2025-04-08 19:00:00,180,active,2025-04-07 10:00:00
621,A04,KLM1234,Mona Said,2025-03-15 12:30:00,2025-03-15 13:30:00,60,expired,2025-03-14 11:00:00
622,B02,NOP5678,Lucas Fischer,2025-05-10 09:30:00,2025-05-10 11:30:00,120,active,2025-05-09 08:00:00
623,S06,PQR9012,Zainab Hassan,2025-01-03 07:00:00,2025-01-03 07:30:00,30,expired,2025-01-02 15:00:00
624,E01,RST3456,Emilie Christensen,2025-04-21 18:30:00,2025-04-21 21:30:00,180,active,2025-04-20 12:00:00
625,A09,UVW7890,Nadia Abdullah,2025-02-18 11:00:00,2025-02-18 12:00:00,60,expired,2025-02-17 14:00:00
626,B03,XYZ1234,Louis Berg,2025-06-05 15:00:00,2025-06-05 17:00:00,120,active,2025-06-04 09:00:00
627,S01,ABC5678,Ines Cherif,2025-03-29 10:00:00,2025-03-29 10:30:00,30,expired,2025-03-28 16:00:00
628,E05,DEF9012,Laura Svensson,2025-01-11 20:00:00,2025-01-11 23:00:00,180,active,2025-01-10 10:00:00
629,A02,GHI3456,Salma Mohamed,2025-05-21 08:00:00,2025-05-21 09:00:00,60,expired,2025-05-20 11:00:00
630,B06,JKL7890,Max Hansen,2025-04-07 13:30:00,2025-04-07 15:30:00,120,active,2025-04-06 08:00:00
631,A08,MNO2345,Majid Said,2025-03-05 09:00:00,2025-03-05 09:30:00,30,expired,2025-03-04 14:00:00
632,B01,PQR6789,Julie Jensen,2025-02-26 16:30:00,2025-02-26 19:30:00,180,active,2025-02-25 10:00:00
633,S04,STU1234,Rachid Al-Ghamdi,2025-06-07 11:00:00,2025-06-07 12:00:00,60,expired,2025-06-06 15:00:00
634,E08,VWX5678,Lukas Meyer,2025-01-25 19:30:00,2025-01-25 21:30:00,120,active,2025-01-24 09:00:00
635,A03,YZA9012,Hana Cherif,2025-04-17 12:00:00,2025-04-17 12:30:00,30,expired,2025-04-16 13:00:00
636,B07,BCD3456,Sophie Andersen,2025-03-08 08:30:00,2025-03-08 11:30:00,180,active,2025-03-07 10:00:00
637,S05,CDE7890,Amin Benali,2025-05-05 14:00:00,2025-05-05 15:00:00,60,expired,2025-05-04 15:00:00
638,E09,EFG2345,Mia Johansson,2025-02-02 17:00:00,2025-02-02 19:00:00,120,active,2025-02-01 09:00:00
639,A05,FGH6789,Sara Khan,2025-01-14 10:30:00,2025-01-14 11:00:00,30,expired,2025-01-13 12:00:00
640,B08,GHI1234,Oliver Lindholm,2025-04-15 16:00:00,2025-04-15 19:00:00,180,active,2025-04-14 10:00:00
641,A10,IJK5678,Fatima Al-Hammami,2025-03-20 11:45:00,2025-03-20 12:45:00,60,expired,2025-03-19 11:00:00
642,B10,LMN9012,Noah Christensen,2025-05-02 09:15:00,2025-05-02 11:15:00,120,active,2025-05-01 08:00:00
643,S07,OPQ2345,Amal Said,2025-01-07 07:45:00,2025-01-07 08:15:00,30,expired,2025-01-06 15:00:00
644,E10,PQR6789,Sofia Andersen,2025-04-28 18:00:00,2025-04-28 21:00:00,180,active,2025-04-27 12:00:00
645,A01,STU1234,Aisha Mohamed,2025-02-23 10:00:00,2025-02-23 11:00:00,60,expired,2025-02-22 14:00:00
646,B05,UVW5678,Freja Nielsen,2025-06-02 15:30:00,2025-06-02 17:30:00,120,active,2025-06-01 09:00:00
647,S03,WXY9012,Nadia Mansour,2025-03-24 10:30:00,2025-03-24 11:00:00,30,expired,2025-03-23 16:00:00
648,E02,ZAB1234,Magnus Olsen,2025-01-04 20:00:00,2025-01-04 23:00:00,180,active,2025-01-03 10:00:00
649,A07,ABC5678,Ahmed Al-Qahtani,2025-05-19 08:00:00,2025-05-19 09:00:00,60,expired,2025-05-18 11:00:00
650,B09,DEF9012,Clara Lund,2025-04-06 13:00:00,2025-04-06 15:00:00,120,active,2025-04-05 08:00:00
651,A04,GHI3456,Omar Benali,2025-03-10 09:30:00,2025-03-10 10:00:00,30,expired,2025-03-09 14:00:00
652,B02,JKL7890,Maja Karlsson,2025-02-13 16:00:00,2025-02-13 19:00:00,180,active,2025-02-12 10:00:00
653,S06,MNO2345,Lina Abdelaziz,2025-06-04 10:00:00,2025-06-04 11:00:00,60,expired,2025-06-03 15:00:00
654,E01,PQR6789,Viktor Svensson,2025-01-22 19:00:00,2025-01-22 21:00:00,120,active,2025-01-21 09:00:00
655,A09,STU1234,Zahra Said,2025-04-20 11:00:00,2025-04-20 11:30:00,30,expired,2025-04-19 13:00:00
656,B03,VWX5678,Sofie Berg,2025-03-07 08:45:00,2025-03-07 11:45:00,180,active,2025-03-06 10:00:00
657,S01,YZA9012,Khalid Said,2025-05-07 14:30:00,2025-05-07 15:30:00,60,expired,2025-05-06 15:00:00
658,E05,BCD3456,Marie Hansen,2025-02-09 17:00:00,2025-02-09 19:00:00,120,active,2025-02-08 09:00:00
659,A02,CDE2345,Amira Khan,2025-01-29 10:15:00,2025-01-29 10:45:00,30,expired,2025-01-28 12:00:00
660,B06,EFG6789,Christian Pedersen,2025-04-09 16:30:00,2025-04-09 19:30:00,180,active,2025-04-08 10:00:00
661,A08,FGH1234,Samira Al-Farsi,2025-03-18 12:00:00,2025-03-18 13:00:00,60,expired,2025-03-17 11:00:00
662,B01,GHI5678,Caroline Kristensen,2025-05-04 09:00:00,2025-05-04 11:00:00,120,active,2025-05-03 08:00:00
663,S04,IJK9012,Yasmine Mohammed,2025-01-13 07:30:00,2025-01-13 08:00:00,30,expired,2025-01-12 15:00:00
664,E08,LMN3456,Oscar Nielsen,2025-05-01 18:00:00,2025-05-01 21:00:00,180,active,2025-04-30 12:00:00
665,A03,OPQ7890,Hind Hassan,2025-02-22 10:45:00,2025-02-22 11:45:00,60,expired,2025-02-21 14:00:00
666,B07,PQR1234,Emilie Berg,2025-06-07 15:30:00,2025-06-07 17:30:00,120,active,2025-06-06 09:00:00
667,S05,STU5678,Ali Cherif,2025-03-27 11:00:00,2025-03-27 11:30:00,30,expired,2025-03-26 16:00:00
668,E09,VWX9012,Frederik Pedersen,2025-01-10 20:30:00,2025-01-10 23:30:00,180,active,2025-01-09 10:00:00
669,A05,YZA3456,Sara Abdullah,2025-05-18 08:30:00,2025-05-18 09:30:00,60,expired,2025-05-17 11:00:00
670,B08,BCD7890,Emma Berg,2025-04-05 14:00:00,2025-04-05 16:00:00,120,active,2025-04-04 08:00:00
671,A10,CDE1234,Khaled Al-Hammami,2025-03-10 09:00:00,2025-03-10 09:30:00,30,expired,2025-03-09 14:00:00
672,B10,EFG5678,Anna Lund,2025-02-25 16:00:00,2025-02-25 19:00:00,180,active,2025-02-24 10:00:00
673,S07,FGH9012,Rania Said,2025-06-04 10:30:00,2025-06-04 11:30:00,60,expired,2025-06-03 15:00:00
674,E10,IJK3456,Mads Jensen,2025-01-21 19:00:00,2025-01-21 21:00:00,120,active,2025-01-20 09:00:00
675,A01,LMN7890,Amira Benali,2025-04-14 11:30:00,2025-04-14 12:00:00,30,expired,2025-04-13 13:00:00
676,B05,OPQ1234,Laura Rasmussen,2025-03-04 08:00:00,2025-03-04 11:00:00,180,active,2025-03-03 10:00:00
677,S03,PQR5678,Tariq Saleh,2025-05-30 14:00:00,2025-05-30 15:00:00,60,expired,2025-05-29 15:00:00
678,E02,STU9012,Mikkel Nielsen,2025-02-07 17:30:00,2025-02-07 19:30:00,120,active,2025-02-06 09:00:00
679,A07,VWX3456,Leila Said,2025-01-28 10:00:00,2025-01-28 10:30:00,30,expired,2025-01-27 12:00:00
680,B09,YZA7890,Lukas Sorensen,2025-04-09 16:00:00,2025-04-09 19:00:00,180,active,2025-04-08 10:00:00
681,A04,BCD1234,Mona Hassan,2025-03-16 12:30:00,2025-03-16 13:30:00,60,expired,2025-03-15 11:00:00
682,B02,CDE5678,Ida Jensen,2025-05-11 09:30:00,2025-05-11 11:30:00,120,active,2025-05-10 08:00:00
683,S06,EFG9012,Zainab Ahmed,2025-01-04 07:00:00,2025-01-04 07:30:00,30,expired,2025-01-03 15:00:00
684,E01,FGH3456,Frederik Hansen,2025-04-22 18:30:00,2025-04-22 21:30:00,180,active,2025-04-21 12:00:00
685,A09,GHI7890,Nadia Cherif,2025-02-19 11:00:00,2025-02-19 12:00:00,60,expired,2025-02-18 14:00:00
686,B03,IJK1234,Victor Petersen,2025-06-06 15:00:00,2025-06-06 17:00:00,120,active,2025-06-05 09:00:00
687,S01,LMN5678,Ines Ben Ali,2025-03-30 10:00:00,2025-03-30 10:30:00,30,expired,2025-03-29 16:00:00
688,E05,OPQ9012,Julie Andersen,2025-01-12 20:00:00,2025-01-12 23:00:00,180,active,2025-01-11 10:00:00
689,A02,PQR3456,Salma Khan,2025-05-22 08:00:00,2025-05-22 09:00:00,60,expired,2025-05-21 11:00:00
690,B06,STU7890,Emil Larsen,2025-04-08 13:30:00,2025-04-08 15:30:00,120,active,2025-04-07 08:00:00
691,A08,VWX1234,Majid Al-Qahtani,2025-03-06 09:00:00,2025-03-06 09:30:00,30,expired,2025-03-05 14:00:00
692,B01,YZA5678,Laura Kristensen,2025-02-27 16:30:00,2025-02-27 19:30:00,180,active,2025-02-26 10:00:00
693,S04,BCD9012,Rachid Mansour,2025-06-08 11:00:00,2025-06-08 12:00:00,60,expired,2025-06-07 15:00:00
694,E08,CDE3456,Mathilde Jensen,2025-01-26 19:30:00,2025-01-26 21:30:00,120,active,2025-01-25 09:00:00
695,A03,EFG7890,Hana Said,2025-04-18 12:00:00,2025-04-18 12:30:00,30,expired,2025-04-17 13:00:00
696,B07,FGH1234,Marc Hansen,2025-03-09 08:30:00,2025-03-09 11:30:00,180,active,2025-03-08 10:00:00
697,S05,GHI5678,Amin Khan,2025-05-06 14:00:00,2025-05-06 15:00:00,60,expired,2025-05-05 15:00:00
698,E09,IJK9012,Sofie Nielsen,2025-02-03 17:00:00,2025-02-03 19:00:00,120,active,2025-02-02 09:00:00
699,A05,LMN3456,Sara Ben Said,2025-01-15 10:30:00,2025-01-15 11:00:00,30,expired,2025-01-14 12:00:00
700,B08,OPQ7890,Christian Andersen,2025-04-16 16:00:00,2025-04-16 19:00:00,180,active,2025-04-15 10:00:00
701,A10,PQR1234,Fatima Cherif,2025-03-21 11:45:00,2025-03-21 12:45:00,60,expired,2025-03-20 11:00:00
702,B10,STU5678,Mohammed Salih,2025-05-03 09:15:00,2025-05-03 11:15:00,120,active,2025-05-02 08:00:00
703,S07,VWX9012,Amal Al-Hammami,2025-01-08 07:45:00,2025-01-08 08:15:00,30,expired,2025-01-07 15:00:00
704,E10,YZA3456,Mads Kristensen,2025-04-29 18:00:00,2025-04-29 21:00:00,180,active,2025-04-28 12:00:00
705,A01,BCD7890,Aisha Mansour,2025-02-24 10:00:00,2025-02-24 11:00:00,60,expired,2025-02-23 14:00:00
706,B05,CDE1234,Freja Hansen,2025-06-03 15:30:00,2025-06-03 17:30:00,120,active,2025-06-02 09:00:00
707,S03,EFG5678,Nadia Said,2025-03-25 10:30:00,2025-03-25 11:00:00,30,expired,2025-03-24 16:00:00
708,E02,FGH9012,Magnus Pedersen,2025-01-05 20:00:00,2025-01-05 23:00:00,180,active,2025-01-04 10:00:00
709,A07,GHI3456,Ahmed Al-Ghamdi,2025-05-20 08:00:00,2025-05-20 09:00:00,60,expired,2025-05-19 11:00:00
710,B09,IJK7890,Clara Nielsen,2025-04-07 13:00:00,2025-04-07 15:00:00,120,active,2025-04-06 08:00:00
711,A04,LMN1234,Omar Benali,2025-03-11 09:30:00,2025-03-11 10:00:00,30,expired,2025-03-10 14:00:00
712,B02,OPQ5678,Maja Petersen,2025-02-14 16:00:00,2025-02-14 19:00:00,180,active,2025-02-13 10:00:00
713,S06,PQR9012,Lina Abdelaziz,2025-06-05 10:00:00,2025-06-05 11:00:00,60,expired,2025-06-04 15:00:00
714,E01,STU3456,Viktor Larsen,2025-01-23 19:00:00,2025-01-23 21:00:00,120,active,2025-01-22 09:00:00
715,A09,VWX7890,Zahra Mohamed,2025-04-21 11:00:00,2025-04-21 11:30:00,30,expired,2025-04-20 13:00:00
716,B03,YZA1234,Sofie Rasmussen,2025-03-08 08:45:00,2025-03-08 11:45:00,180,active,2025-03-07 10:00:00
717,S01,BCD5678,Khalid Ben Ali,2025-05-08 14:30:00,2025-05-08 15:30:00,60,expired,2025-05-07 15:00:00
718,E05,CDE9012,Marie Jensen,2025-02-10 17:00:00,2025-02-10 19:00:00,120,active,2025-02-09 09:00:00
719,A02,EFG3456,Amira Khan,2025-01-30 10:15:00,2025-01-30 10:45:00,30,expired,2025-01-29 12:00:00
720,B06,FGH7890,Christian Berg,2025-04-10 16:30:00,2025-04-10 19:30:00,180,active,2025-04-09 10:00:00
721,A08,GHI1234,Samira Hassan,2025-03-19 12:00:00,2025-03-19 13:00:00,60,expired,2025-03-18 11:00:00
722,B01,IJK5678,Caroline Nilsson,2025-05-05 09:00:00,2025-05-05 11:00:00,120,active,2025-05-04 08:00:00
723,S04,LMN9012,Yasmine Said,2025-01-14 07:30:00,2025-01-14 08:00:00,30,expired,2025-01-13 15:00:00
724,E08,OPQ2345,Oscar Pedersen,2025-05-02 18:00:00,2025-05-02 21:00:00,180,active,2025-05-01 12:00:00
725,A03,PQR7890,Hind Abdullah,2025-02-23 10:45:00,2025-02-23 11:45:00,60,expired,2025-02-22 14:00:00
726,B07,STU1234,Emilie Nielsen,2025-06-08 15:30:00,2025-06-08 17:30:00,120,active,2025-06-07 09:00:00
727,S05,VWX5678,Ali Cherif,2025-03-28 11:00:00,2025-03-28 11:30:00,30,expired,2025-03-27 16:00:00
728,E09,YZA9012,Frederik Hansen,2025-01-11 20:30:00,2025-01-11 23:30:00,180,active,2025-01-10 10:00:00
729,A05,BCD3456,Sara Abdullah,2025-05-19 08:30:00,2025-05-19 09:30:00,60,expired,2025-05-18 11:00:00
730,B08,CDE7890,Emma Lund,2025-04-06 14:00:00,2025-04-06 16:00:00,120,active,2025-04-05 08:00:00
731,A10,EFG1234,Khaled Al-Hammami,2025-03-11 09:00:00,2025-03-11 09:30:00,30,expired,2025-03-10 14:00:00
732,B10,FGH5678,Anna Rasmussen,2025-02-26 16:00:00,2025-02-26 19:00:00,180,active,2025-02-25 10:00:00
733,S07,GHI9012,Rania Said,2025-06-05 10:30:00,2025-06-05 11:30:00,60,expired,2025-06-04 15:00:00
734,E10,IJK3456,Mads Sorensen,2025-01-22 19:00:00,2025-01-22 21:00:00,120,active,2025-01-21 09:00:00
735,A01,LMN7890,Amira Benali,2025-04-15 11:30:00,2025-04-15 12:00:00,30,expired,2025-04-14 13:00:00
736,B05,OPQ1234,Laura Larsen,2025-03-05 08:00:00,2025-03-05 11:00:00,180,active,2025-03-04 10:00:00
737,S03,PQR5678,Tariq Salah,2025-05-31 14:00:00,2025-05-31 15:00:00,60,expired,2025-05-30 15:00:00
738,E02,STU9012,Mikkel Berg,2025-02-08 17:30:00,2025-02-08 19:30:00,120,active,2025-02-07 09:00:00
739,A07,VWX3456,Leila Mansour,2025-01-29 10:00:00,2025-01-29 10:30:00,30,expired,2025-01-28 12:00:00
740,B09,YZA7890,Lukas Petersen,2025-04-10 16:00:00,2025-04-10 19:00:00,180,active,2025-04-09 10:00:00
741,A04,BCD1234,Mona Said,2025-03-17 12:30:00,2025-03-17 13:30:00,60,expired,2025-03-16 11:00:00
742,B02,CDE5678,Ida Nielsen,2025-05-12 09:30:00,2025-05-12 11:30:00,120,active,2025-05-11 08:00:00
743,S06,EFG9012,Zainab Hassan,2025-01-05 07:00:00,2025-01-05 07:30:00,30,expired,2025-01-04 15:00:00
744,E01,FGH3456,Frederik Rasmussen,2025-04-23 18:30:00,2025-04-23 21:30:00,180,active,2025-04-22 12:00:00
745,A09,GHI7890,Nadia Abdullah,2025-02-20 11:00:00,2025-02-20 12:00:00,60,expired,2025-02-19 14:00:00
746,B03,IJK1234,Victor Larsen,2025-06-07 15:00:00,2025-06-07 17:00:00,120,active,2025-06-06 09:00:00
747,S01,LMN5678,Ines Cherif,2025-03-31 10:00:00,2025-03-31 10:30:00,30,expired,2025-03-30 16:00:00
748,E05,OPQ9012,Julie Berg,2025-01-13 20:00:00,2025-01-13 23:00:00,180,active,2025-01-12 10:00:00
749,A02,PQR3456,Salma Mohamed,2025-05-23 08:00:00,2025-05-23 09:00:00,60,expired,2025-05-22 11:00:00
750,B06,STU7890,Emil Nielsen,2025-04-09 13:30:00,2025-04-09 15:30:00,120,active,2025-04-08 08:00:00